"id","seq","A","C","D","E","F","G","H","I","K","L","M","N","P","Q","R","S","T","V","W","Y"
"antitb_1001","AVAGEKLWLLPHLLKMLLTPTP","9.091","0.000","0.000","4.545","0.000","4.545","4.545","0.000","9.091","31.818","4.545","0.000","13.636","0.000","0.000","0.000","9.091","4.545","4.545","0.000"
"antitb_1025","WKWLKKWIK","0.000","0.000","0.000","0.000","0.000","0.000","0.000","11.111","44.444","11.111","0.000","0.000","0.000","0.000","0.000","0.000","0.000","0.000","33.333","0.000"
"antitb_1026","WKWLKKWIK","0.000","0.000","0.000","0.000","0.000","0.000","0.000","11.111","44.444","11.111","0.000","0.000","0.000","0.000","0.000","0.000","0.000","0.000","33.333","0.000"
"antitb_1027","ILRWKWRWWRWRR","0.000","0.000","0.000","0.000","0.000","0.000","0.000","7.692","7.692","7.692","0.000","0.000","0.000","0.000","38.462","0.000","0.000","0.000","38.462","0.000"
"antitb_1028","ILRWKWRWWRWRR","0.000","0.000","0.000","0.000","0.000","0.000","0.000","7.692","7.692","7.692","0.000","0.000","0.000","0.000","38.462","0.000","0.000","0.000","38.462","0.000"
"antitb_1029","ILPWKWRWWKWRR","0.000","0.000","0.000","0.000","0.000","0.000","0.000","7.692","15.385","7.692","0.000","0.000","7.692","0.000","23.077","0.000","0.000","0.000","38.462","0.000"
"antitb_1030","ILPWKWRWWKWRR","0.000","0.000","0.000","0.000","0.000","0.000","0.000","7.692","15.385","7.692","0.000","0.000","7.692","0.000","23.077","0.000","0.000","0.000","38.462","0.000"
"antitb_1031","RWRRKWWWW","0.000","0.000","0.000","0.000","0.000","0.000","0.000","0.000","11.111","0.000","0.000","0.000","0.000","0.000","33.333","0.000","0.000","0.000","55.556","0.000"
"antitb_1032","RWRRKWWWW","0.000","0.000","0.000","0.000","0.000","0.000","0.000","0.000","11.111","0.000","0.000","0.000","0.000","0.000","33.333","0.000","0.000","0.000","55.556","0.000"
"antitb_1033","WRKFWKYLK","0.000","0.000","0.000","0.000","11.111","0.000","0.000","0.000","33.333","11.111","0.000","0.000","0.000","0.000","11.111","0.000","0.000","0.000","22.222","11.111"
"antitb_1034","WRKFWKYLK","0.000","0.000","0.000","0.000","11.111","0.000","0.000","0.000","33.333","11.111","0.000","0.000","0.000","0.000","11.111","0.000","0.000","0.000","22.222","11.111"
"antitb_1035","KRWWKWWRR","0.000","0.000","0.000","0.000","0.000","0.000","0.000","0.000","22.222","0.000","0.000","0.000","0.000","0.000","33.333","0.000","0.000","0.000","44.444","0.000"
"antitb_1036","KRWWKWWRR","0.000","0.000","0.000","0.000","0.000","0.000","0.000","0.000","22.222","0.000","0.000","0.000","0.000","0.000","33.333","0.000","0.000","0.000","44.444","0.000"
"antitb_1037","RRWWKWWWR","0.000","0.000","0.000","0.000","0.000","0.000","0.000","0.000","11.111","0.000","0.000","0.000","0.000","0.000","33.333","0.000","0.000","0.000","55.556","0.000"
"antitb_1038","RRWWKWWWR","0.000","0.000","0.000","0.000","0.000","0.000","0.000","0.000","11.111","0.000","0.000","0.000","0.000","0.000","33.333","0.000","0.000","0.000","55.556","0.000"
"antitb_1039","KIWWWWRKR","0.000","0.000","0.000","0.000","0.000","0.000","0.000","11.111","22.222","0.000","0.000","0.000","0.000","0.000","22.222","0.000","0.000","0.000","44.444","0.000"
"antitb_1040","KIWWWWRKR","0.000","0.000","0.000","0.000","0.000","0.000","0.000","11.111","22.222","0.000","0.000","0.000","0.000","0.000","22.222","0.000","0.000","0.000","44.444","0.000"
"antitb_1041","RLWWWWRRK","0.000","0.000","0.000","0.000","0.000","0.000","0.000","0.000","11.111","11.111","0.000","0.000","0.000","0.000","33.333","0.000","0.000","0.000","44.444","0.000"
"antitb_1042","RLWWWWRRK","0.000","0.000","0.000","0.000","0.000","0.000","0.000","0.000","11.111","11.111","0.000","0.000","0.000","0.000","33.333","0.000","0.000","0.000","44.444","0.000"
"antitb_1043","KWKWWWRKI","0.000","0.000","0.000","0.000","0.000","0.000","0.000","11.111","33.333","0.000","0.000","0.000","0.000","0.000","11.111","0.000","0.000","0.000","44.444","0.000"
"antitb_1044","KWKWWWRKI","0.000","0.000","0.000","0.000","0.000","0.000","0.000","11.111","33.333","0.000","0.000","0.000","0.000","0.000","11.111","0.000","0.000","0.000","44.444","0.000"
"antitb_1045","RIRRWKFRW","0.000","0.000","0.000","0.000","11.111","0.000","0.000","11.111","11.111","0.000","0.000","0.000","0.000","0.000","44.444","0.000","0.000","0.000","22.222","0.000"
"antitb_1046","RIRRWKFRW","0.000","0.000","0.000","0.000","11.111","0.000","0.000","11.111","11.111","0.000","0.000","0.000","0.000","0.000","44.444","0.000","0.000","0.000","22.222","0.000"
"antitb_1047","RLKRWWKFL","0.000","0.000","0.000","0.000","11.111","0.000","0.000","0.000","22.222","22.222","0.000","0.000","0.000","0.000","22.222","0.000","0.000","0.000","22.222","0.000"
"antitb_1048","RLKRWWKFL","0.000","0.000","0.000","0.000","11.111","0.000","0.000","0.000","22.222","22.222","0.000","0.000","0.000","0.000","22.222","0.000","0.000","0.000","22.222","0.000"
"antitb_1049","RWWRWRKWW","0.000","0.000","0.000","0.000","0.000","0.000","0.000","0.000","11.111","0.000","0.000","0.000","0.000","0.000","33.333","0.000","0.000","0.000","55.556","0.000"
"antitb_1050","RWWRWRKWW","0.000","0.000","0.000","0.000","0.000","0.000","0.000","0.000","11.111","0.000","0.000","0.000","0.000","0.000","33.333","0.000","0.000","0.000","55.556","0.000"
"antitb_1051","KRWWWWRFR","0.000","0.000","0.000","0.000","11.111","0.000","0.000","0.000","11.111","0.000","0.000","0.000","0.000","0.000","33.333","0.000","0.000","0.000","44.444","0.000"
"antitb_1052","KRWWWWRFR","0.000","0.000","0.000","0.000","11.111","0.000","0.000","0.000","11.111","0.000","0.000","0.000","0.000","0.000","33.333","0.000","0.000","0.000","44.444","0.000"
"antitb_1053","KRWWRKWWR","0.000","0.000","0.000","0.000","0.000","0.000","0.000","0.000","22.222","0.000","0.000","0.000","0.000","0.000","33.333","0.000","0.000","0.000","44.444","0.000"
"antitb_1054","KRWWRKWWR","0.000","0.000","0.000","0.000","0.000","0.000","0.000","0.000","22.222","0.000","0.000","0.000","0.000","0.000","33.333","0.000","0.000","0.000","44.444","0.000"
"antitb_1055","RRWWRWVVW","0.000","0.000","0.000","0.000","0.000","0.000","0.000","0.000","0.000","0.000","0.000","0.000","0.000","0.000","33.333","0.000","0.000","22.222","44.444","0.000"
"antitb_1056","RRWWRWVVW","0.000","0.000","0.000","0.000","0.000","0.000","0.000","0.000","0.000","0.000","0.000","0.000","0.000","0.000","33.333","0.000","0.000","22.222","44.444","0.000"
"antitb_1057","WFKMRWWGR","0.000","0.000","0.000","0.000","11.111","11.111","0.000","0.000","11.111","0.000","11.111","0.000","0.000","0.000","22.222","0.000","0.000","0.000","33.333","0.000"
"antitb_1058","WFKMRWWGR","0.000","0.000","0.000","0.000","11.111","11.111","0.000","0.000","11.111","0.000","11.111","0.000","0.000","0.000","22.222","0.000","0.000","0.000","33.333","0.000"
"antitb_1059","KFKWWRMLI","0.000","0.000","0.000","0.000","11.111","0.000","0.000","11.111","22.222","11.111","11.111","0.000","0.000","0.000","11.111","0.000","0.000","0.000","22.222","0.000"
"antitb_1060","KFKWWRMLI","0.000","0.000","0.000","0.000","11.111","0.000","0.000","11.111","22.222","11.111","11.111","0.000","0.000","0.000","11.111","0.000","0.000","0.000","22.222","0.000"
"antitb_1061","FIKWKFRWWKWRK","0.000","0.000","0.000","0.000","15.385","0.000","0.000","7.692","30.769","0.000","0.000","0.000","0.000","0.000","15.385","0.000","0.000","0.000","30.769","0.000"
"antitb_1062","FIKWKFRWWKWRK","0.000","0.000","0.000","0.000","15.385","0.000","0.000","7.692","30.769","0.000","0.000","0.000","0.000","0.000","15.385","0.000","0.000","0.000","30.769","0.000"
"antitb_1063","RIKRWWWWR","0.000","0.000","0.000","0.000","0.000","0.000","0.000","11.111","11.111","0.000","0.000","0.000","0.000","0.000","33.333","0.000","0.000","0.000","44.444","0.000"
"antitb_1064","RIKRWWWWR","0.000","0.000","0.000","0.000","0.000","0.000","0.000","11.111","11.111","0.000","0.000","0.000","0.000","0.000","33.333","0.000","0.000","0.000","44.444","0.000"
"antitb_1065","RWRWWWRVY","0.000","0.000","0.000","0.000","0.000","0.000","0.000","0.000","0.000","0.000","0.000","0.000","0.000","0.000","33.333","0.000","0.000","11.111","44.444","11.111"
"antitb_1066","RWRWWWRVY","0.000","0.000","0.000","0.000","0.000","0.000","0.000","0.000","0.000","0.000","0.000","0.000","0.000","0.000","33.333","0.000","0.000","11.111","44.444","11.111"
"antitb_1067","HQFRFRFRVRRK","0.000","0.000","0.000","0.000","25.000","0.000","8.333","0.000","8.333","0.000","0.000","0.000","0.000","8.333","41.667","0.000","0.000","8.333","0.000","0.000"
"antitb_1068","HQFRFRFRVRRK","0.000","0.000","0.000","0.000","25.000","0.000","8.333","0.000","8.333","0.000","0.000","0.000","0.000","8.333","41.667","0.000","0.000","8.333","0.000","0.000"
"antitb_1069","LKRRWKWWI","0.000","0.000","0.000","0.000","0.000","0.000","0.000","11.111","22.222","11.111","0.000","0.000","0.000","0.000","22.222","0.000","0.000","0.000","33.333","0.000"
"antitb_1070","LKRRWKWWI","0.000","0.000","0.000","0.000","0.000","0.000","0.000","11.111","22.222","11.111","0.000","0.000","0.000","0.000","22.222","0.000","0.000","0.000","33.333","0.000"
"antitb_1071","RRRIKIRWY","0.000","0.000","0.000","0.000","0.000","0.000","0.000","22.222","11.111","0.000","0.000","0.000","0.000","0.000","44.444","0.000","0.000","0.000","11.111","11.111"
"antitb_1072","RRRIKIRWY","0.000","0.000","0.000","0.000","0.000","0.000","0.000","22.222","11.111","0.000","0.000","0.000","0.000","0.000","44.444","0.000","0.000","0.000","11.111","11.111"
"antitb_1073","RLWWKIWLK","0.000","0.000","0.000","0.000","0.000","0.000","0.000","11.111","22.222","22.222","0.000","0.000","0.000","0.000","11.111","0.000","0.000","0.000","33.333","0.000"
"antitb_1074","RLWWKIWLK","0.000","0.000","0.000","0.000","0.000","0.000","0.000","11.111","22.222","22.222","0.000","0.000","0.000","0.000","11.111","0.000","0.000","0.000","33.333","0.000"
"antitb_1075","KRRWRIWLV","0.000","0.000","0.000","0.000","0.000","0.000","0.000","11.111","11.111","11.111","0.000","0.000","0.000","0.000","33.333","0.000","0.000","11.111","22.222","0.000"
"antitb_1076","KRRWRIWLV","0.000","0.000","0.000","0.000","0.000","0.000","0.000","11.111","11.111","11.111","0.000","0.000","0.000","0.000","33.333","0.000","0.000","11.111","22.222","0.000"
"antitb_1077","FFIYVWRRR","0.000","0.000","0.000","0.000","22.222","0.000","0.000","11.111","0.000","0.000","0.000","0.000","0.000","0.000","33.333","0.000","0.000","11.111","11.111","11.111"
"antitb_1078","FFIYVWRRR","0.000","0.000","0.000","0.000","22.222","0.000","0.000","11.111","0.000","0.000","0.000","0.000","0.000","0.000","33.333","0.000","0.000","11.111","11.111","11.111"
"antitb_1079","IRMRIRVLL","0.000","0.000","0.000","0.000","0.000","0.000","0.000","22.222","0.000","22.222","11.111","0.000","0.000","0.000","33.333","0.000","0.000","11.111","0.000","0.000"
"antitb_1080","IRMRIRVLL","0.000","0.000","0.000","0.000","0.000","0.000","0.000","22.222","0.000","22.222","11.111","0.000","0.000","0.000","33.333","0.000","0.000","11.111","0.000","0.000"
"antitb_1081","RWWRKIWKW","0.000","0.000","0.000","0.000","0.000","0.000","0.000","11.111","22.222","0.000","0.000","0.000","0.000","0.000","22.222","0.000","0.000","0.000","44.444","0.000"
"antitb_1082","RWWRKIWKW","0.000","0.000","0.000","0.000","0.000","0.000","0.000","11.111","22.222","0.000","0.000","0.000","0.000","0.000","22.222","0.000","0.000","0.000","44.444","0.000"
"antitb_1083","LRFILWWKR","0.000","0.000","0.000","0.000","11.111","0.000","0.000","11.111","11.111","22.222","0.000","0.000","0.000","0.000","22.222","0.000","0.000","0.000","22.222","0.000"
"antitb_1084","LRFILWWKR","0.000","0.000","0.000","0.000","11.111","0.000","0.000","11.111","11.111","22.222","0.000","0.000","0.000","0.000","22.222","0.000","0.000","0.000","22.222","0.000"
"antitb_1085","RWWIRIRWH","0.000","0.000","0.000","0.000","0.000","0.000","11.111","22.222","0.000","0.000","0.000","0.000","0.000","0.000","33.333","0.000","0.000","0.000","33.333","0.000"
"antitb_1086","RWWIRIRWH","0.000","0.000","0.000","0.000","0.000","0.000","11.111","22.222","0.000","0.000","0.000","0.000","0.000","0.000","33.333","0.000","0.000","0.000","33.333","0.000"
"antitb_1087","RRRWWKLMM","0.000","0.000","0.000","0.000","0.000","0.000","0.000","0.000","11.111","11.111","22.222","0.000","0.000","0.000","33.333","0.000","0.000","0.000","22.222","0.000"
"antitb_1088","RRRWWKLMM","0.000","0.000","0.000","0.000","0.000","0.000","0.000","0.000","11.111","11.111","22.222","0.000","0.000","0.000","33.333","0.000","0.000","0.000","22.222","0.000"
"antitb_1089","LRRWIRIRW","0.000","0.000","0.000","0.000","0.000","0.000","0.000","22.222","0.000","11.111","0.000","0.000","0.000","0.000","44.444","0.000","0.000","0.000","22.222","0.000"
"antitb_1090","LRRWIRIRW","0.000","0.000","0.000","0.000","0.000","0.000","0.000","22.222","0.000","11.111","0.000","0.000","0.000","0.000","44.444","0.000","0.000","0.000","22.222","0.000"
"antitb_1091","RKFRWWVIR","0.000","0.000","0.000","0.000","11.111","0.000","0.000","11.111","11.111","0.000","0.000","0.000","0.000","0.000","33.333","0.000","0.000","11.111","22.222","0.000"
"antitb_1092","RKFRWWVIR","0.000","0.000","0.000","0.000","11.111","0.000","0.000","11.111","11.111","0.000","0.000","0.000","0.000","0.000","33.333","0.000","0.000","11.111","22.222","0.000"
"antitb_1093","WKIVFWWRR","0.000","0.000","0.000","0.000","11.111","0.000","0.000","11.111","11.111","0.000","0.000","0.000","0.000","0.000","22.222","0.000","0.000","11.111","33.333","0.000"
"antitb_1094","WKIVFWWRR","0.000","0.000","0.000","0.000","11.111","0.000","0.000","11.111","11.111","0.000","0.000","0.000","0.000","0.000","22.222","0.000","0.000","11.111","33.333","0.000"
"antitb_1095","RQRRVVIWW","0.000","0.000","0.000","0.000","0.000","0.000","0.000","11.111","0.000","0.000","0.000","0.000","0.000","11.111","33.333","0.000","0.000","22.222","22.222","0.000"
"antitb_1096","RQRRVVIWW","0.000","0.000","0.000","0.000","0.000","0.000","0.000","11.111","0.000","0.000","0.000","0.000","0.000","11.111","33.333","0.000","0.000","22.222","22.222","0.000"
"antitb_1097","RRWRVIVKW","0.000","0.000","0.000","0.000","0.000","0.000","0.000","11.111","11.111","0.000","0.000","0.000","0.000","0.000","33.333","0.000","0.000","22.222","22.222","0.000"
"antitb_1098","RRWRVIVKW","0.000","0.000","0.000","0.000","0.000","0.000","0.000","11.111","11.111","0.000","0.000","0.000","0.000","0.000","33.333","0.000","0.000","22.222","22.222","0.000"
"antitb_1099","RRWKIVVIRWRR","0.000","0.000","0.000","0.000","0.000","0.000","0.000","16.667","8.333","0.000","0.000","0.000","0.000","0.000","41.667","0.000","0.000","16.667","16.667","0.000"
"antitb_1100","RRWKIVVIRWRR","0.000","0.000","0.000","0.000","0.000","0.000","0.000","16.667","8.333","0.000","0.000","0.000","0.000","0.000","41.667","0.000","0.000","16.667","16.667","0.000"
"antitb_1101","RLWRIVVIRVKR","0.000","0.000","0.000","0.000","0.000","0.000","0.000","16.667","8.333","8.333","0.000","0.000","0.000","0.000","33.333","0.000","0.000","25.000","8.333","0.000"
"antitb_1102","RLWRIVVIRVKR","0.000","0.000","0.000","0.000","0.000","0.000","0.000","16.667","8.333","8.333","0.000","0.000","0.000","0.000","33.333","0.000","0.000","25.000","8.333","0.000"
"antitb_1103","RLRRIVVIRVFR","0.000","0.000","0.000","0.000","8.333","0.000","0.000","16.667","0.000","8.333","0.000","0.000","0.000","0.000","41.667","0.000","0.000","25.000","0.000","0.000"
"antitb_1104","RLRRIVVIRVFR","0.000","0.000","0.000","0.000","8.333","0.000","0.000","16.667","0.000","8.333","0.000","0.000","0.000","0.000","41.667","0.000","0.000","25.000","0.000","0.000"
"antitb_1105","VRLRIRVRVIRK","0.000","0.000","0.000","0.000","0.000","0.000","0.000","16.667","8.333","8.333","0.000","0.000","0.000","0.000","41.667","0.000","0.000","25.000","0.000","0.000"
"antitb_1106","VRLRIRVRVIRK","0.000","0.000","0.000","0.000","0.000","0.000","0.000","16.667","8.333","8.333","0.000","0.000","0.000","0.000","41.667","0.000","0.000","25.000","0.000","0.000"
"antitb_1107","RRYHWRIYI","0.000","0.000","0.000","0.000","0.000","0.000","11.111","22.222","0.000","0.000","0.000","0.000","0.000","0.000","33.333","0.000","0.000","0.000","11.111","22.222"
"antitb_1108","RRYHWRIYI","0.000","0.000","0.000","0.000","0.000","0.000","11.111","22.222","0.000","0.000","0.000","0.000","0.000","0.000","33.333","0.000","0.000","0.000","11.111","22.222"
"antitb_1109","RKWKIKWYW","0.000","0.000","0.000","0.000","0.000","0.000","0.000","11.111","33.333","0.000","0.000","0.000","0.000","0.000","11.111","0.000","0.000","0.000","33.333","11.111"
"antitb_1110","RKWKIKWYW","0.000","0.000","0.000","0.000","0.000","0.000","0.000","11.111","33.333","0.000","0.000","0.000","0.000","0.000","11.111","0.000","0.000","0.000","33.333","11.111"
"antitb_1111","YRLRVKWKW","0.000","0.000","0.000","0.000","0.000","0.000","0.000","0.000","22.222","11.111","0.000","0.000","0.000","0.000","22.222","0.000","0.000","11.111","22.222","11.111"
"antitb_1112","YRLRVKWKW","0.000","0.000","0.000","0.000","0.000","0.000","0.000","0.000","22.222","11.111","0.000","0.000","0.000","0.000","22.222","0.000","0.000","11.111","22.222","11.111"
"antitb_1113","WKWRVRVTI","0.000","0.000","0.000","0.000","0.000","0.000","0.000","11.111","11.111","0.000","0.000","0.000","0.000","0.000","22.222","0.000","11.111","22.222","22.222","0.000"
"antitb_1114","WKWRVRVTI","0.000","0.000","0.000","0.000","0.000","0.000","0.000","11.111","11.111","0.000","0.000","0.000","0.000","0.000","22.222","0.000","11.111","22.222","22.222","0.000"
"antitb_1115","RTKKWIVWI","0.000","0.000","0.000","0.000","0.000","0.000","0.000","22.222","22.222","0.000","0.000","0.000","0.000","0.000","11.111","0.000","11.111","11.111","22.222","0.000"
"antitb_1116","RTKKWIVWI","0.000","0.000","0.000","0.000","0.000","0.000","0.000","22.222","22.222","0.000","0.000","0.000","0.000","0.000","11.111","0.000","11.111","11.111","22.222","0.000"
"antitb_1117","NWRKLYRRK","0.000","0.000","0.000","0.000","0.000","0.000","0.000","0.000","22.222","11.111","0.000","11.111","0.000","0.000","33.333","0.000","0.000","0.000","11.111","11.111"
"antitb_1118","NWRKLYRRK","0.000","0.000","0.000","0.000","0.000","0.000","0.000","0.000","22.222","11.111","0.000","11.111","0.000","0.000","33.333","0.000","0.000","0.000","11.111","11.111"
"antitb_1119","YKFRWRIYI","0.000","0.000","0.000","0.000","11.111","0.000","0.000","22.222","11.111","0.000","0.000","0.000","0.000","0.000","22.222","0.000","0.000","0.000","11.111","22.222"
"antitb_1120","YKFRWRIYI","0.000","0.000","0.000","0.000","11.111","0.000","0.000","22.222","11.111","0.000","0.000","0.000","0.000","0.000","22.222","0.000","0.000","0.000","11.111","22.222"
"antitb_1121","KRKKRFKWW","0.000","0.000","0.000","0.000","11.111","0.000","0.000","0.000","44.444","0.000","0.000","0.000","0.000","0.000","22.222","0.000","0.000","0.000","22.222","0.000"
"antitb_1122","KRKKRFKWW","0.000","0.000","0.000","0.000","11.111","0.000","0.000","0.000","44.444","0.000","0.000","0.000","0.000","0.000","22.222","0.000","0.000","0.000","22.222","0.000"
"antitb_1123","RRRPRPPYLPRPRPPPFFPPRLPPRIPPGFPPRFPPRFP","0.000","0.000","0.000","0.000","12.821","2.564","0.000","2.564","0.000","5.128","0.000","0.000","48.718","0.000","25.641","0.000","0.000","0.000","0.000","2.564"
"antitb_1124","RRRPRPPYLPRPRPPPFFPPRLPPRIPPGFPPRFPPRFP","0.000","0.000","0.000","0.000","12.821","2.564","0.000","2.564","0.000","5.128","0.000","0.000","48.718","0.000","25.641","0.000","0.000","0.000","0.000","2.564"
"antitb_1125","RRRPRPPYLPRPRPPPFFPPRLPPRIPPGFPPRFPPRFP","0.000","0.000","0.000","0.000","12.821","2.564","0.000","2.564","0.000","5.128","0.000","0.000","48.718","0.000","25.641","0.000","0.000","0.000","0.000","2.564"
"antitb_1126","RRRPRPPYLPRPRPPPFFPPRLPPRIPPGFPPRFPPRFP","0.000","0.000","0.000","0.000","12.821","2.564","0.000","2.564","0.000","5.128","0.000","0.000","48.718","0.000","25.641","0.000","0.000","0.000","0.000","2.564"
"antitb_1127","RRRPRPPYLPRPRPPPFFPPRLPPRIPPGFPPRFPPRFP","0.000","0.000","0.000","0.000","12.821","2.564","0.000","2.564","0.000","5.128","0.000","0.000","48.718","0.000","25.641","0.000","0.000","0.000","0.000","2.564"
"antitb_1128","RRRPRPPYLPRPRPPPFFPPRLPPRIPPGFPPRFPPRFP","0.000","0.000","0.000","0.000","12.821","2.564","0.000","2.564","0.000","5.128","0.000","0.000","48.718","0.000","25.641","0.000","0.000","0.000","0.000","2.564"
"antitb_1129","RRRPRPPYLPRPRPPPFFPPRLPPRIPPGFPPRFPPRFP","0.000","0.000","0.000","0.000","12.821","2.564","0.000","2.564","0.000","5.128","0.000","0.000","48.718","0.000","25.641","0.000","0.000","0.000","0.000","2.564"
"antitb_1130","RRRPRPPYLPRPRPPPFFPPRLPPRIPPGFPPRFPPRFP","0.000","0.000","0.000","0.000","12.821","2.564","0.000","2.564","0.000","5.128","0.000","0.000","48.718","0.000","25.641","0.000","0.000","0.000","0.000","2.564"
"antitb_1131","RRRPRPPYLPRPRPPPFFPPRLPPRIPPGFPPRFPPRFP","0.000","0.000","0.000","0.000","12.821","2.564","0.000","2.564","0.000","5.128","0.000","0.000","48.718","0.000","25.641","0.000","0.000","0.000","0.000","2.564"
"antitb_1136","KILRGVCKKIMRTFLRRISKDILTGKK","0.000","3.704","3.704","0.000","3.704","7.407","0.000","14.815","22.222","11.111","3.704","0.000","0.000","0.000","14.815","3.704","7.407","3.704","0.000","0.000"
"antitb_1137","KILRGVCKKIMRTFLRRISKDILTGKK","0.000","3.704","3.704","0.000","3.704","7.407","0.000","14.815","22.222","11.111","3.704","0.000","0.000","0.000","14.815","3.704","7.407","3.704","0.000","0.000"
"antitb_1138","KILRGVCKKIMRTFLRRISKDILTGKK","0.000","3.704","3.704","0.000","3.704","7.407","0.000","14.815","22.222","11.111","3.704","0.000","0.000","0.000","14.815","3.704","7.407","3.704","0.000","0.000"
"antitb_1139","KILRGVCKKIMRTFLRRISKDILTGKK","0.000","3.704","3.704","0.000","3.704","7.407","0.000","14.815","22.222","11.111","3.704","0.000","0.000","0.000","14.815","3.704","7.407","3.704","0.000","0.000"
"antitb_1140","KEFKRIVKRIKKFLRKL","0.000","0.000","0.000","5.882","11.765","0.000","0.000","11.765","35.294","11.765","0.000","0.000","0.000","0.000","17.647","0.000","0.000","5.882","0.000","0.000"
"antitb_1141","KEFKRIVKRIKKFLRKL","0.000","0.000","0.000","5.882","11.765","0.000","0.000","11.765","35.294","11.765","0.000","0.000","0.000","0.000","17.647","0.000","0.000","5.882","0.000","0.000"
"antitb_1142","KEFKRIVKRIKKFLRKL","0.000","0.000","0.000","5.882","11.765","0.000","0.000","11.765","35.294","11.765","0.000","0.000","0.000","0.000","17.647","0.000","0.000","5.882","0.000","0.000"
"antitb_1143","KEFKRIVKRIKKFLRKL","0.000","0.000","0.000","5.882","11.765","0.000","0.000","11.765","35.294","11.765","0.000","0.000","0.000","0.000","17.647","0.000","0.000","5.882","0.000","0.000"
"antitb_1164","GRRRRSVQWCA","9.091","9.091","0.000","0.000","0.000","9.091","0.000","0.000","0.000","0.000","0.000","0.000","0.000","9.091","36.364","9.091","0.000","9.091","9.091","0.000"
"antitb_1165","GRRRRSVQWCA","9.091","9.091","0.000","0.000","0.000","9.091","0.000","0.000","0.000","0.000","0.000","0.000","0.000","9.091","36.364","9.091","0.000","9.091","9.091","0.000"
"antitb_1166","GRRRRSVQWCA","9.091","9.091","0.000","0.000","0.000","9.091","0.000","0.000","0.000","0.000","0.000","0.000","0.000","9.091","36.364","9.091","0.000","9.091","9.091","0.000"
"antitb_1167","GRRRRSVQWCA","9.091","9.091","0.000","0.000","0.000","9.091","0.000","0.000","0.000","0.000","0.000","0.000","0.000","9.091","36.364","9.091","0.000","9.091","9.091","0.000"
"antitb_1168","GRRRRSVQWCA","9.091","9.091","0.000","0.000","0.000","9.091","0.000","0.000","0.000","0.000","0.000","0.000","0.000","9.091","36.364","9.091","0.000","9.091","9.091","0.000"
"antitb_1169","GRRRRSVQWCA","9.091","9.091","0.000","0.000","0.000","9.091","0.000","0.000","0.000","0.000","0.000","0.000","0.000","9.091","36.364","9.091","0.000","9.091","9.091","0.000"
"antitb_1170","GKKKKSVQWCA","9.091","9.091","0.000","0.000","0.000","9.091","0.000","0.000","36.364","0.000","0.000","0.000","0.000","9.091","0.000","9.091","0.000","9.091","9.091","0.000"
"antitb_1171","FKCRRWQWRMKKLG","0.000","7.143","0.000","0.000","7.143","7.143","0.000","0.000","21.429","7.143","7.143","0.000","0.000","7.143","21.429","0.000","0.000","0.000","14.286","0.000"
"antitb_1172","FKCRRWQWRMKKLG","0.000","7.143","0.000","0.000","7.143","7.143","0.000","0.000","21.429","7.143","7.143","0.000","0.000","7.143","21.429","0.000","0.000","0.000","14.286","0.000"
"antitb_1173","FKCRRWQWRMKKLG","0.000","7.143","0.000","0.000","7.143","7.143","0.000","0.000","21.429","7.143","7.143","0.000","0.000","7.143","21.429","0.000","0.000","0.000","14.286","0.000"
"antitb_1174","FKCRRWQWRMKKLG","0.000","7.143","0.000","0.000","7.143","7.143","0.000","0.000","21.429","7.143","7.143","0.000","0.000","7.143","21.429","0.000","0.000","0.000","14.286","0.000"
"antitb_1175","FKCRRWQWRMKKLG","0.000","7.143","0.000","0.000","7.143","7.143","0.000","0.000","21.429","7.143","7.143","0.000","0.000","7.143","21.429","0.000","0.000","0.000","14.286","0.000"
"antitb_1176","FKCRRWQWRMKKLG","0.000","7.143","0.000","0.000","7.143","7.143","0.000","0.000","21.429","7.143","7.143","0.000","0.000","7.143","21.429","0.000","0.000","0.000","14.286","0.000"
"antitb_1177","fkcrrwqwrmkklg","0.000","0.000","0.000","0.000","0.000","0.000","0.000","0.000","0.000","0.000","0.000","0.000","0.000","0.000","0.000","0.000","0.000","0.000","0.000","99.999"
"antitb_1178","fkcrrwqwrmkklg","0.000","0.000","0.000","0.000","0.000","0.000","0.000","0.000","0.000","0.000","0.000","0.000","0.000","0.000","0.000","0.000","0.000","0.000","0.000","99.999"
"antitb_1179","FKCKKWQWKMKKLG","0.000","7.143","0.000","0.000","7.143","7.143","0.000","0.000","42.857","7.143","7.143","0.000","0.000","7.143","0.000","0.000","0.000","0.000","14.286","0.000"
"antitb_1180","FKCKKWQWKMKKLG","0.000","7.143","0.000","0.000","7.143","7.143","0.000","0.000","42.857","7.143","7.143","0.000","0.000","7.143","0.000","0.000","0.000","0.000","14.286","0.000"
"antitb_1181","FRCRRWQWRMRRLG","0.000","7.143","0.000","0.000","7.143","7.143","0.000","0.000","0.000","7.143","7.143","0.000","0.000","7.143","42.857","0.000","0.000","0.000","14.286","0.000"
"antitb_1182","FRCRRWQWRMRRLG","0.000","7.143","0.000","0.000","7.143","7.143","0.000","0.000","0.000","7.143","7.143","0.000","0.000","7.143","42.857","0.000","0.000","0.000","14.286","0.000"
"antitb_1183","AAARIRHEGVFLLIGNSCFSLPRNGPQLLLLAW","12.121","3.030","0.000","3.030","6.061","9.091","3.030","6.061","0.000","21.212","0.000","6.061","6.061","3.030","9.091","6.061","0.000","3.030","3.030","0.000"
"antitb_1184","AAARIRHEGVFLLIGNSCFSLPRNGPQLLLLAW","12.121","3.030","0.000","3.030","6.061","9.091","3.030","6.061","0.000","21.212","0.000","6.061","6.061","3.030","9.091","6.061","0.000","3.030","3.030","0.000"
"antitb_1185","FWGALAKGALKLIPSLFSSFSKKD","12.500","0.000","4.167","0.000","12.500","8.333","0.000","4.167","16.667","16.667","0.000","0.000","4.167","0.000","0.000","16.667","0.000","0.000","4.167","0.000"
"antitb_1186","FWGALAKGALKLIPSLFSSFSKKD","12.500","0.000","4.167","0.000","12.500","8.333","0.000","4.167","16.667","16.667","0.000","0.000","4.167","0.000","0.000","16.667","0.000","0.000","4.167","0.000"
"antitb_1187","FWGALAKGALKLIGSLFSSFSKKD","12.500","0.000","4.167","0.000","12.500","12.500","0.000","4.167","16.667","16.667","0.000","0.000","0.000","0.000","0.000","16.667","0.000","0.000","4.167","0.000"
"antitb_1188","FWGALAKGALKLIGSLFSSFSKKD","12.500","0.000","4.167","0.000","12.500","12.500","0.000","4.167","16.667","16.667","0.000","0.000","0.000","0.000","0.000","16.667","0.000","0.000","4.167","0.000"
"antitb_1189","FWGALAKGALKLIGPGSLFSSFSKKD","11.538","0.000","3.846","0.000","11.538","15.385","0.000","3.846","15.385","15.385","0.000","0.000","3.846","0.000","0.000","15.385","0.000","0.000","3.846","0.000"
"antitb_1190","FWGALAKGALKLIGPGSLFSSFSKKD","11.538","0.000","3.846","0.000","11.538","15.385","0.000","3.846","15.385","15.385","0.000","0.000","3.846","0.000","0.000","15.385","0.000","0.000","3.846","0.000"
"antitb_1191","FWGLKGLKKFSKKL","0.000","0.000","0.000","0.000","14.286","14.286","0.000","0.000","35.714","21.429","0.000","0.000","0.000","0.000","0.000","7.143","0.000","0.000","7.143","0.000"
"antitb_1192","FWGLKGLKKFSKKL","0.000","0.000","0.000","0.000","14.286","14.286","0.000","0.000","35.714","21.429","0.000","0.000","0.000","0.000","0.000","7.143","0.000","0.000","7.143","0.000"
"antitb_1193","FWGLKGLKGPGKFSKKL","0.000","0.000","0.000","0.000","11.765","23.529","0.000","0.000","29.412","17.647","0.000","0.000","5.882","0.000","0.000","5.882","0.000","0.000","5.882","0.000"
"antitb_1194","FWGLKGLKGPGKFSKKL","0.000","0.000","0.000","0.000","11.765","23.529","0.000","0.000","29.412","17.647","0.000","0.000","5.882","0.000","0.000","5.882","0.000","0.000","5.882","0.000"
"antitb_1219","KRWWKWIRW","0.000","0.000","0.000","0.000","0.000","0.000","0.000","11.111","22.222","0.000","0.000","0.000","0.000","0.000","22.222","0.000","0.000","0.000","44.444","0.000"
"antitb_1220","KRWWKWIRW","0.000","0.000","0.000","0.000","0.000","0.000","0.000","11.111","22.222","0.000","0.000","0.000","0.000","0.000","22.222","0.000","0.000","0.000","44.444","0.000"
"antitb_1221","PRVIETKVHGREVTGLARNVSEENVDRLAKRWIK","5.882","0.000","2.941","11.765","0.000","5.882","2.941","5.882","8.824","5.882","0.000","5.882","2.941","0.000","14.706","2.941","5.882","14.706","2.941","0.000"
"antitb_1228","TGMAALEQYLGSGHAVIVSI","15.000","0.000","0.000","5.000","0.000","15.000","5.000","10.000","0.000","10.000","5.000","0.000","0.000","5.000","0.000","10.000","5.000","10.000","0.000","5.000"
"antitb_1229","AVALGLASPADAAAGTMYGD","35.000","0.000","10.000","0.000","0.000","15.000","0.000","0.000","0.000","10.000","5.000","0.000","5.000","0.000","0.000","5.000","5.000","5.000","0.000","5.000"
"antitb_1230","LLKKLLKK","0.000","0.000","0.000","0.000","0.000","0.000","0.000","0.000","50.000","50.000","0.000","0.000","0.000","0.000","0.000","0.000","0.000","0.000","0.000","0.000"
"antitb_1231","LLKKLLKK","0.000","0.000","0.000","0.000","0.000","0.000","0.000","0.000","50.000","50.000","0.000","0.000","0.000","0.000","0.000","0.000","0.000","0.000","0.000","0.000"
"antitb_1232","LLKKLLKK","0.000","0.000","0.000","0.000","0.000","0.000","0.000","0.000","50.000","50.000","0.000","0.000","0.000","0.000","0.000","0.000","0.000","0.000","0.000","0.000"
"antitb_1233","LLKKLLKK","0.000","0.000","0.000","0.000","0.000","0.000","0.000","0.000","50.000","50.000","0.000","0.000","0.000","0.000","0.000","0.000","0.000","0.000","0.000","0.000"
"antitb_1234","CLLKKLLKK","0.000","11.111","0.000","0.000","0.000","0.000","0.000","0.000","44.444","44.444","0.000","0.000","0.000","0.000","0.000","0.000","0.000","0.000","0.000","0.000"
"antitb_1235","CLLKKLLKK","0.000","11.111","0.000","0.000","0.000","0.000","0.000","0.000","44.444","44.444","0.000","0.000","0.000","0.000","0.000","0.000","0.000","0.000","0.000","0.000"
"antitb_1236","CLLKKLLKK","0.000","11.111","0.000","0.000","0.000","0.000","0.000","0.000","44.444","44.444","0.000","0.000","0.000","0.000","0.000","0.000","0.000","0.000","0.000","0.000"
"antitb_1237","CLLKKLLKK","0.000","11.111","0.000","0.000","0.000","0.000","0.000","0.000","44.444","44.444","0.000","0.000","0.000","0.000","0.000","0.000","0.000","0.000","0.000","0.000"
"antitb_1238","CLLKKLLKK","0.000","11.111","0.000","0.000","0.000","0.000","0.000","0.000","44.444","44.444","0.000","0.000","0.000","0.000","0.000","0.000","0.000","0.000","0.000","0.000"
"antitb_1239","LLKKLLKKC","0.000","11.111","0.000","0.000","0.000","0.000","0.000","0.000","44.444","44.444","0.000","0.000","0.000","0.000","0.000","0.000","0.000","0.000","0.000","0.000"
"antitb_1240","CLLKKLLKKC","0.000","20.000","0.000","0.000","0.000","0.000","0.000","0.000","40.000","40.000","0.000","0.000","0.000","0.000","0.000","0.000","0.000","0.000","0.000","0.000"
"antitb_1241","MLLKKLLKK","0.000","0.000","0.000","0.000","0.000","0.000","0.000","0.000","44.444","44.444","11.111","0.000","0.000","0.000","0.000","0.000","0.000","0.000","0.000","0.000"
"antitb_1242","LLKKLLKKM","0.000","0.000","0.000","0.000","0.000","0.000","0.000","0.000","44.444","44.444","11.111","0.000","0.000","0.000","0.000","0.000","0.000","0.000","0.000","0.000"
"antitb_1243","LLKKLLKKM","0.000","0.000","0.000","0.000","0.000","0.000","0.000","0.000","44.444","44.444","11.111","0.000","0.000","0.000","0.000","0.000","0.000","0.000","0.000","0.000"
"antitb_1244","LLKKLLKKM","0.000","0.000","0.000","0.000","0.000","0.000","0.000","0.000","44.444","44.444","11.111","0.000","0.000","0.000","0.000","0.000","0.000","0.000","0.000","0.000"
"antitb_1245","LLKKLLKKM","0.000","0.000","0.000","0.000","0.000","0.000","0.000","0.000","44.444","44.444","11.111","0.000","0.000","0.000","0.000","0.000","0.000","0.000","0.000","0.000"
"antitb_1246","LLKKLLKKM","0.000","0.000","0.000","0.000","0.000","0.000","0.000","0.000","44.444","44.444","11.111","0.000","0.000","0.000","0.000","0.000","0.000","0.000","0.000","0.000"
"antitb_1247","MLLKKLLKKM","0.000","0.000","0.000","0.000","0.000","0.000","0.000","0.000","40.000","40.000","20.000","0.000","0.000","0.000","0.000","0.000","0.000","0.000","0.000","0.000"
"antitb_1248","MLLKKLLKKM","0.000","0.000","0.000","0.000","0.000","0.000","0.000","0.000","40.000","40.000","20.000","0.000","0.000","0.000","0.000","0.000","0.000","0.000","0.000","0.000"
"antitb_1249","MLLKKLLKKM","0.000","0.000","0.000","0.000","0.000","0.000","0.000","0.000","40.000","40.000","20.000","0.000","0.000","0.000","0.000","0.000","0.000","0.000","0.000","0.000"
"antitb_1250","MLLKKLLKKM","0.000","0.000","0.000","0.000","0.000","0.000","0.000","0.000","40.000","40.000","20.000","0.000","0.000","0.000","0.000","0.000","0.000","0.000","0.000","0.000"
"antitb_1251","MLLKKLLKKM","0.000","0.000","0.000","0.000","0.000","0.000","0.000","0.000","40.000","40.000","20.000","0.000","0.000","0.000","0.000","0.000","0.000","0.000","0.000","0.000"
"antitb_1252","MLLKKLLKKM","0.000","0.000","0.000","0.000","0.000","0.000","0.000","0.000","40.000","40.000","20.000","0.000","0.000","0.000","0.000","0.000","0.000","0.000","0.000","0.000"
"antitb_1253","MLLKKLLKKM","0.000","0.000","0.000","0.000","0.000","0.000","0.000","0.000","40.000","40.000","20.000","0.000","0.000","0.000","0.000","0.000","0.000","0.000","0.000","0.000"
"antitb_1254","MLLKKLLKKM","0.000","0.000","0.000","0.000","0.000","0.000","0.000","0.000","40.000","40.000","20.000","0.000","0.000","0.000","0.000","0.000","0.000","0.000","0.000","0.000"
"antitb_1255","MLLKKLLKKM","0.000","0.000","0.000","0.000","0.000","0.000","0.000","0.000","40.000","40.000","20.000","0.000","0.000","0.000","0.000","0.000","0.000","0.000","0.000","0.000"
"antitb_1260","RPPQFTRAQWFAIQHISLNPPRSTIAMRAINNYRWRSKNQNTFLR","8.889","0.000","0.000","0.000","6.667","0.000","2.222","8.889","2.222","4.444","2.222","11.111","8.889","8.889","15.556","6.667","6.667","0.000","4.444","2.222"
"antitb_1261","RPPQFTRAQWFAIQHISLNPPRSTIAMRAINNYRWRSKNQNTFLR","8.889","0.000","0.000","0.000","6.667","0.000","2.222","8.889","2.222","4.444","2.222","11.111","8.889","8.889","15.556","6.667","6.667","0.000","4.444","2.222"
"antitb_1262","KPKGMTSSQWFKIQHMQPSPQASNSAMKNINKHTKRSKDLNTFLH","4.444","0.000","2.222","0.000","4.444","2.222","6.667","4.444","15.556","4.444","6.667","8.889","6.667","8.889","2.222","13.333","6.667","0.000","2.222","0.000"
"antitb_1263","KPKGMTSSQWFKIQHMQPSPQASNSAMKNINKHTKRSKDLNTFLH","4.444","0.000","2.222","0.000","4.444","2.222","6.667","4.444","15.556","4.444","6.667","8.889","6.667","8.889","2.222","13.333","6.667","0.000","2.222","0.000"
"antitb_1264","KWKLFKKIGIGAVLKVLTTGLPALIS","7.692","0.000","0.000","0.000","3.846","11.538","0.000","11.538","19.231","19.231","0.000","0.000","3.846","0.000","0.000","3.846","7.692","7.692","3.846","0.000"
"antitb_1265","KWKLFKKIGIGAVLKVLTTGLPALIS","7.692","0.000","0.000","0.000","3.846","11.538","0.000","11.538","19.231","19.231","0.000","0.000","3.846","0.000","0.000","3.846","7.692","7.692","3.846","0.000"
"antitb_1266","SEFAYGSFVRTVSLPVGADE","10.000","0.000","5.000","10.000","10.000","10.000","0.000","0.000","0.000","5.000","0.000","0.000","5.000","0.000","5.000","15.000","5.000","15.000","0.000","5.000"
"antitb_1268","ELAAIRHR","25.000","0.000","0.000","12.500","0.000","0.000","12.500","12.500","0.000","12.500","0.000","0.000","0.000","0.000","25.000","0.000","0.000","0.000","0.000","0.000"
"antitb_1269","DEPDAERFEAAVEADHI","23.529","0.000","17.647","23.529","5.882","0.000","5.882","5.882","0.000","0.000","0.000","0.000","5.882","0.000","5.882","0.000","0.000","5.882","0.000","0.000"
"antitb_1270","RFGEPGGRE","0.000","0.000","0.000","22.222","11.111","33.333","0.000","0.000","0.000","0.000","0.000","0.000","11.111","0.000","22.222","0.000","0.000","0.000","0.000","0.000"
"antitb_1287","FVYGNGVTSILVQAQFLVNGQRRFFYTPDK","3.333","0.000","3.333","0.000","13.333","10.000","0.000","3.333","3.333","6.667","0.000","6.667","3.333","10.000","6.667","3.333","6.667","13.333","0.000","6.667"
"antitb_1288","ATYYGNGLYCNKQKHYTWVDWNKASREIGKITVNGWVQH","5.128","2.564","2.564","2.564","0.000","10.256","5.128","5.128","10.256","2.564","0.000","10.256","0.000","5.128","2.564","2.564","7.692","7.692","7.692","10.256"
"antitb_1289","KTYYGTNGVHCTKNSLWGKVRLKNMKYDQNTTYMGRLQDILLGWATGAFGKTH","3.774","1.887","3.774","0.000","1.887","13.208","3.774","1.887","11.321","9.434","3.774","7.547","0.000","3.774","3.774","1.887","13.208","3.774","3.774","7.547"
"antitb_1290","RWYYGNGVGGVGGAAVCGLAGYVGEAKENIAGEVRKGWGMAGGFTHNKACKSFPGSGWASG","13.115","3.279","0.000","4.918","3.279","27.869","1.639","1.639","6.557","1.639","1.639","4.918","1.639","0.000","3.279","4.918","1.639","8.197","4.918","4.918"
"antitb_1291","TTKNYGNGVCNSVNWCQCGNVWASCNLATGCAAWLCKLA","12.821","15.385","0.000","0.000","0.000","10.256","0.000","0.000","5.128","7.692","0.000","15.385","0.000","2.564","0.000","5.128","7.692","7.692","7.692","2.564"
"antitb_1292","TTKNYGNGVCNSVNWCQCGNVWASCNLATGCAAWLCKLA","12.821","15.385","0.000","0.000","0.000","10.256","0.000","0.000","5.128","7.692","0.000","15.385","0.000","2.564","0.000","5.128","7.692","7.692","7.692","2.564"
"antitb_1302","STLHLVLRLRGG","0.000","0.000","0.000","0.000","0.000","16.667","8.333","0.000","0.000","33.333","0.000","0.000","0.000","0.000","16.667","8.333","8.333","8.333","0.000","0.000"
"antitb_1303","STLHLVLRLRGG","0.000","0.000","0.000","0.000","0.000","16.667","8.333","0.000","0.000","33.333","0.000","0.000","0.000","0.000","16.667","8.333","8.333","8.333","0.000","0.000"
"antitb_1304","STLHLVLRLRGG","0.000","0.000","0.000","0.000","0.000","16.667","8.333","0.000","0.000","33.333","0.000","0.000","0.000","0.000","16.667","8.333","8.333","8.333","0.000","0.000"
"antitb_1305","STLHLVLRLRGG","0.000","0.000","0.000","0.000","0.000","16.667","8.333","0.000","0.000","33.333","0.000","0.000","0.000","0.000","16.667","8.333","8.333","8.333","0.000","0.000"
"antitb_1306","KWKSFLKTFKSAKKTVLHTALKAISS","11.538","0.000","0.000","0.000","7.692","0.000","3.846","3.846","26.923","11.538","0.000","0.000","0.000","0.000","0.000","15.385","11.538","3.846","3.846","0.000"
"antitb_1307","KWKSFLKTFKSAKKTVLHTLLKAISS","7.692","0.000","0.000","0.000","7.692","0.000","3.846","3.846","26.923","15.385","0.000","0.000","0.000","0.000","0.000","15.385","11.538","3.846","3.846","0.000"
"antitb_1308","KWKSFLKTFKSLKKTVLHTLLKAISS","3.846","0.000","0.000","0.000","7.692","0.000","3.846","3.846","26.923","19.231","0.000","0.000","0.000","0.000","0.000","15.385","11.538","3.846","3.846","0.000"
"antitb_1309","KWKSFLKTFKSLKKTVLHTLLKLISS","0.000","0.000","0.000","0.000","7.692","0.000","3.846","3.846","26.923","23.077","0.000","0.000","0.000","0.000","0.000","15.385","11.538","3.846","3.846","0.000"
"antitb_1310","KWKSFLKTFKSLKKTKLHTLLKLISS","0.000","0.000","0.000","0.000","7.692","0.000","3.846","3.846","30.769","23.077","0.000","0.000","0.000","0.000","0.000","15.385","11.538","0.000","3.846","0.000"
"antitb_1311","KWKSFLKTFKSAKKTVLHTALKAISS","11.538","0.000","0.000","0.000","7.692","0.000","3.846","3.846","26.923","11.538","0.000","0.000","0.000","0.000","0.000","15.385","11.538","3.846","3.846","0.000"
"antitb_1312","KWKSFLKTFKSAKKTVLHTLLKAISS","7.692","0.000","0.000","0.000","7.692","0.000","3.846","3.846","26.923","15.385","0.000","0.000","0.000","0.000","0.000","15.385","11.538","3.846","3.846","0.000"
"antitb_1313","KWKSFLKTFKSLKKTVLHTLLKAISS","3.846","0.000","0.000","0.000","7.692","0.000","3.846","3.846","26.923","19.231","0.000","0.000","0.000","0.000","0.000","15.385","11.538","3.846","3.846","0.000"
"antitb_1314","KWKSFLKTFKSLKKTVLHTLLKLISS","0.000","0.000","0.000","0.000","7.692","0.000","3.846","3.846","26.923","23.077","0.000","0.000","0.000","0.000","0.000","15.385","11.538","3.846","3.846","0.000"
"antitb_1315","KWKSFLKTFKSLKKTKLHTLLKLISS","0.000","0.000","0.000","0.000","7.692","0.000","3.846","3.846","30.769","23.077","0.000","0.000","0.000","0.000","0.000","15.385","11.538","0.000","3.846","0.000"
"antitb_1316","LLGDFFRKSKEKIGKEFKRIVQRIKDFLRN","0.000","0.000","6.667","6.667","13.333","6.667","0.000","10.000","20.000","10.000","0.000","3.333","0.000","3.333","13.333","3.333","0.000","3.333","0.000","0.000"
"antitb_1317","LLGDFFRKSKEKIGKEFKRIVQRIKDFLRN","0.000","0.000","6.667","6.667","13.333","6.667","0.000","10.000","20.000","10.000","0.000","3.333","0.000","3.333","13.333","3.333","0.000","3.333","0.000","0.000"
"antitb_1330","VEPIPY","0.000","0.000","0.000","16.667","0.000","0.000","0.000","16.667","0.000","0.000","0.000","0.000","33.333","0.000","0.000","0.000","0.000","16.667","0.000","16.667"
"antitb_1331","VQLRIRVAVIRA","16.667","0.000","0.000","0.000","0.000","0.000","0.000","16.667","0.000","8.333","0.000","0.000","0.000","8.333","25.000","0.000","0.000","25.000","0.000","0.000"
"antitb_1332","VQRWLIVWRIRK","0.000","0.000","0.000","0.000","0.000","0.000","0.000","16.667","8.333","8.333","0.000","0.000","0.000","8.333","25.000","0.000","0.000","16.667","16.667","0.000"
"antitb_1333","VRLIVAVRIWRR","8.333","0.000","0.000","0.000","0.000","0.000","0.000","16.667","0.000","8.333","0.000","0.000","0.000","0.000","33.333","0.000","0.000","25.000","8.333","0.000"
"antitb_1344","VTCDILSVEAKGVKL","6.667","6.667","6.667","6.667","0.000","6.667","0.000","6.667","13.333","13.333","0.000","0.000","0.000","0.000","0.000","6.667","6.667","20.000","0.000","0.000"
"antitb_1346","DAACAAHCLFR","36.364","18.182","9.091","0.000","9.091","0.000","9.091","0.000","0.000","9.091","0.000","0.000","0.000","0.000","9.091","0.000","0.000","0.000","0.000","0.000"
"antitb_1347","NDAACAAHCLFRGRSGG","23.529","11.765","5.882","0.000","5.882","17.647","5.882","0.000","0.000","5.882","0.000","5.882","0.000","0.000","11.765","5.882","0.000","0.000","0.000","0.000"
"antitb_1348","RSGGYCNGKRVCVCR","0.000","20.000","0.000","0.000","0.000","20.000","0.000","0.000","6.667","0.000","0.000","6.667","0.000","0.000","20.000","6.667","0.000","13.333","0.000","6.667"
"antitb_1350","YCNGKRVCVCR","0.000","27.273","0.000","0.000","0.000","9.091","0.000","0.000","9.091","0.000","0.000","9.091","0.000","0.000","18.182","0.000","0.000","18.182","0.000","9.091"
"antitb_1351","CNGKRVCVCR","0.000","30.000","0.000","0.000","0.000","10.000","0.000","0.000","10.000","0.000","0.000","10.000","0.000","0.000","20.000","0.000","0.000","20.000","0.000","0.000"
"antitb_1352","NGKRVCVCR","0.000","22.222","0.000","0.000","0.000","11.111","0.000","0.000","11.111","0.000","0.000","11.111","0.000","0.000","22.222","0.000","0.000","22.222","0.000","0.000"
"antitb_1353","KKVVFKVKFK","0.000","0.000","0.000","0.000","20.000","0.000","0.000","0.000","50.000","0.000","0.000","0.000","0.000","0.000","0.000","0.000","0.000","30.000","0.000","0.000"
"antitb_1356","VCDKMKILRGVCKKIMRTFLRR","0.000","9.091","4.545","0.000","4.545","4.545","0.000","9.091","18.182","9.091","9.091","0.000","0.000","0.000","18.182","0.000","4.545","9.091","0.000","0.000"
"antitb_1358","VSNAATRVCRTGRSRWRDVCRNFMRRYQSR","6.667","6.667","3.333","0.000","3.333","3.333","0.000","0.000","0.000","0.000","3.333","6.667","0.000","3.333","30.000","10.000","6.667","10.000","3.333","3.333"
"antitb_1359","TQRSVSNAATRVCRTGRSRWRDVCRNFMRRYQSRVTQG","5.263","5.263","2.632","0.000","2.632","5.263","0.000","0.000","0.000","0.000","2.632","5.263","0.000","7.895","26.316","10.526","10.526","10.526","2.632","2.632"
"antitb_1360","GWGSFFKKAAHVGKHVGKAALTHYL","16.000","0.000","0.000","0.000","8.000","16.000","12.000","0.000","16.000","8.000","0.000","0.000","0.000","0.000","0.000","4.000","4.000","8.000","4.000","4.000"
"antitb_1361","GWGSFFKKAAHVGKHVGKAALTHYL","16.000","0.000","0.000","0.000","8.000","16.000","12.000","0.000","16.000","8.000","0.000","0.000","0.000","0.000","0.000","4.000","4.000","8.000","4.000","4.000"
"antitb_1371","WYD","0.000","0.000","33.333","0.000","0.000","0.000","0.000","0.000","0.000","0.000","0.000","0.000","0.000","0.000","0.000","0.000","0.000","0.000","33.333","33.333"
"antitb_1372","WYE","0.000","0.000","0.000","33.333","0.000","0.000","0.000","0.000","0.000","0.000","0.000","0.000","0.000","0.000","0.000","0.000","0.000","0.000","33.333","33.333"
"antitb_1373","WPD","0.000","0.000","33.333","0.000","0.000","0.000","0.000","0.000","0.000","0.000","0.000","0.000","33.333","0.000","0.000","0.000","0.000","0.000","33.333","0.000"
"antitb_1374","WPE","0.000","0.000","0.000","33.333","0.000","0.000","0.000","0.000","0.000","0.000","0.000","0.000","33.333","0.000","0.000","0.000","0.000","0.000","33.333","0.000"
"antitb_1375","YPD","0.000","0.000","33.333","0.000","0.000","0.000","0.000","0.000","0.000","0.000","0.000","0.000","33.333","0.000","0.000","0.000","0.000","0.000","0.000","33.333"
"antitb_1376","YPE","0.000","0.000","0.000","33.333","0.000","0.000","0.000","0.000","0.000","0.000","0.000","0.000","33.333","0.000","0.000","0.000","0.000","0.000","0.000","33.333"
"antitb_1377","WYY","0.000","0.000","0.000","0.000","0.000","0.000","0.000","0.000","0.000","0.000","0.000","0.000","0.000","0.000","0.000","0.000","0.000","0.000","33.333","66.667"
"antitb_1378","WPY","0.000","0.000","0.000","0.000","0.000","0.000","0.000","0.000","0.000","0.000","0.000","0.000","33.333","0.000","0.000","0.000","0.000","0.000","33.333","33.333"
"antitb_1379","WYP","0.000","0.000","0.000","0.000","0.000","0.000","0.000","0.000","0.000","0.000","0.000","0.000","33.333","0.000","0.000","0.000","0.000","0.000","33.333","33.333"
"antitb_1380","WPW","0.000","0.000","0.000","0.000","0.000","0.000","0.000","0.000","0.000","0.000","0.000","0.000","33.333","0.000","0.000","0.000","0.000","0.000","66.667","0.000"
"antitb_1381","WYW","0.000","0.000","0.000","0.000","0.000","0.000","0.000","0.000","0.000","0.000","0.000","0.000","0.000","0.000","0.000","0.000","0.000","0.000","66.667","33.333"
"antitb_1382","WYS","0.000","0.000","0.000","0.000","0.000","0.000","0.000","0.000","0.000","0.000","0.000","0.000","0.000","0.000","0.000","33.333","0.000","0.000","33.333","33.333"
"antitb_1383","WPS","0.000","0.000","0.000","0.000","0.000","0.000","0.000","0.000","0.000","0.000","0.000","0.000","33.333","0.000","0.000","33.333","0.000","0.000","33.333","0.000"
"antitb_1384","WPT","0.000","0.000","0.000","0.000","0.000","0.000","0.000","0.000","0.000","0.000","0.000","0.000","33.333","0.000","0.000","0.000","33.333","0.000","33.333","0.000"
"antitb_1385","WYT","0.000","0.000","0.000","0.000","0.000","0.000","0.000","0.000","0.000","0.000","0.000","0.000","0.000","0.000","0.000","0.000","33.333","0.000","33.333","33.333"
"antitb_1386","YPS","0.000","0.000","0.000","0.000","0.000","0.000","0.000","0.000","0.000","0.000","0.000","0.000","33.333","0.000","0.000","33.333","0.000","0.000","0.000","33.333"
"antitb_1387","YPT","0.000","0.000","0.000","0.000","0.000","0.000","0.000","0.000","0.000","0.000","0.000","0.000","33.333","0.000","0.000","0.000","33.333","0.000","0.000","33.333"
"antitb_1389","LLGDFFRKSKEKIGKEFKRIVQRIKDFLRNLVPRTES","0.000","0.000","5.405","8.108","10.811","5.405","0.000","8.108","16.216","10.811","0.000","2.703","2.703","2.703","13.514","5.405","2.703","5.405","0.000","0.000"
"antitb_1390","LLGDFFRKSKEKIGKEFKRIVQRIKDFLRNLVPRTES","0.000","0.000","5.405","8.108","10.811","5.405","0.000","8.108","16.216","10.811","0.000","2.703","2.703","2.703","13.514","5.405","2.703","5.405","0.000","0.000"
"antitb_1391","LLGDFFRKSKEKIGKEFKRIVQRIKDFLRNLVPRTES","0.000","0.000","5.405","8.108","10.811","5.405","0.000","8.108","16.216","10.811","0.000","2.703","2.703","2.703","13.514","5.405","2.703","5.405","0.000","0.000"
"antitb_1392","LLGDFFRKSKEKIGKEFKRIVQRIKDFLRNLVPRTES","0.000","0.000","5.405","8.108","10.811","5.405","0.000","8.108","16.216","10.811","0.000","2.703","2.703","2.703","13.514","5.405","2.703","5.405","0.000","0.000"
"antitb_1393","RKSKEKIGKEFKRIVQR IKDFLRNLVPRTES","0.000","0.000","3.125","9.375","6.250","3.125","0.000","9.375","18.750","6.250","0.000","3.125","3.125","3.125","15.625","6.250","3.125","6.250","0.000","3.125"
"antitb_1394","KEFKRIVQRIKDFLRNLV","0.000","0.000","5.556","5.556","11.111","0.000","0.000","11.111","16.667","11.111","0.000","5.556","0.000","5.556","16.667","0.000","0.000","11.111","0.000","0.000"
"antitb_1395","KEFKRIVKRIKKFLRKLV","0.000","0.000","0.000","5.556","11.111","0.000","0.000","11.111","33.333","11.111","0.000","0.000","0.000","0.000","16.667","0.000","0.000","11.111","0.000","0.000"
"antitb_1396","KEFKRIVKRIKKFLRKLV","0.000","0.000","0.000","5.556","11.111","0.000","0.000","11.111","33.333","11.111","0.000","0.000","0.000","0.000","16.667","0.000","0.000","11.111","0.000","0.000"
"antitb_1397","KEFKRIVKRIKKFLRKLV","0.000","0.000","0.000","5.556","11.111","0.000","0.000","11.111","33.333","11.111","0.000","0.000","0.000","0.000","16.667","0.000","0.000","11.111","0.000","0.000"
"antitb_1398","KEFKRIVKRIKKFLRKLV","0.000","0.000","0.000","5.556","11.111","0.000","0.000","11.111","33.333","11.111","0.000","0.000","0.000","0.000","16.667","0.000","0.000","11.111","0.000","0.000"
"antitb_1399","LLGDFFRKSKEKIGKEFKRIVQRIKDFLRNLVPRTES","0.000","0.000","5.405","8.108","10.811","5.405","0.000","8.108","16.216","10.811","0.000","2.703","2.703","2.703","13.514","5.405","2.703","5.405","0.000","0.000"
"antitb_1400","LLGDFFRKSKEKIGKEFKRIVQRIKDFLRNLVPRTES","0.000","0.000","5.405","8.108","10.811","5.405","0.000","8.108","16.216","10.811","0.000","2.703","2.703","2.703","13.514","5.405","2.703","5.405","0.000","0.000"
"antitb_1401","KEFKRIVKRIKKFLRKLV","0.000","0.000","0.000","5.556","11.111","0.000","0.000","11.111","33.333","11.111","0.000","0.000","0.000","0.000","16.667","0.000","0.000","11.111","0.000","0.000"
"antitb_1402","KEFKRIVKRIKKFLRKLV","0.000","0.000","0.000","5.556","11.111","0.000","0.000","11.111","33.333","11.111","0.000","0.000","0.000","0.000","16.667","0.000","0.000","11.111","0.000","0.000"
"antitb_1403","LLGDFFRKSKEKIGKEFKRIVQRIKDFLRNLVPRTES","0.000","0.000","5.405","8.108","10.811","5.405","0.000","8.108","16.216","10.811","0.000","2.703","2.703","2.703","13.514","5.405","2.703","5.405","0.000","0.000"
"antitb_1404","LLGDFFRKSKEKIGKEFKRIVQRIKDFLRNLVPRTES","0.000","0.000","5.405","8.108","10.811","5.405","0.000","8.108","16.216","10.811","0.000","2.703","2.703","2.703","13.514","5.405","2.703","5.405","0.000","0.000"
"antitb_1405","KKLALLALKKWLLALKKLALLALKK","20.000","0.000","0.000","0.000","0.000","0.000","0.000","0.000","32.000","44.000","0.000","0.000","0.000","0.000","0.000","0.000","0.000","0.000","4.000","0.000"
"antitb_1406","KKLALLALKKWLLALKKLALLALKK","20.000","0.000","0.000","0.000","0.000","0.000","0.000","0.000","32.000","44.000","0.000","0.000","0.000","0.000","0.000","0.000","0.000","0.000","4.000","0.000"
"antitb_1407","KKLALLALKKWLPALKKLALLALKK","20.000","0.000","0.000","0.000","0.000","0.000","0.000","0.000","32.000","40.000","0.000","0.000","4.000","0.000","0.000","0.000","0.000","0.000","4.000","0.000"
"antitb_1408","KKLALALAKKWLALAKKLALALAKK","32.000","0.000","0.000","0.000","0.000","0.000","0.000","0.000","32.000","32.000","0.000","0.000","0.000","0.000","0.000","0.000","0.000","0.000","4.000","0.000"
"antitb_1409","KKALAHALKKWLPALKKLAHALAKK","28.000","0.000","0.000","0.000","0.000","0.000","8.000","0.000","32.000","24.000","0.000","0.000","4.000","0.000","0.000","0.000","0.000","0.000","4.000","0.000"
"antitb_1410","KKLALHALKKWLHALKKLAHLALKK","20.000","0.000","0.000","0.000","0.000","0.000","12.000","0.000","32.000","32.000","0.000","0.000","0.000","0.000","0.000","0.000","0.000","0.000","4.000","0.000"
"antitb_1411","KKLALLALKKWLLALKKLALLALKK","20.000","0.000","0.000","0.000","0.000","0.000","0.000","0.000","32.000","44.000","0.000","0.000","0.000","0.000","0.000","0.000","0.000","0.000","4.000","0.000"
"antitb_1412","KKLALLALKKWLPALKKLALLALKK","20.000","0.000","0.000","0.000","0.000","0.000","0.000","0.000","32.000","40.000","0.000","0.000","4.000","0.000","0.000","0.000","0.000","0.000","4.000","0.000"
"antitb_1413","KKLALALAKKWLALAKKLALALAKK","32.000","0.000","0.000","0.000","0.000","0.000","0.000","0.000","32.000","32.000","0.000","0.000","0.000","0.000","0.000","0.000","0.000","0.000","4.000","0.000"
"antitb_1414","KKLALALAKKWLPLAKKLALALAKK","28.000","0.000","0.000","0.000","0.000","0.000","0.000","0.000","32.000","32.000","0.000","0.000","4.000","0.000","0.000","0.000","0.000","0.000","4.000","0.000"
"antitb_1415","KKLALHALKKWLHALKKLAHLALKK","20.000","0.000","0.000","0.000","0.000","0.000","12.000","0.000","32.000","32.000","0.000","0.000","0.000","0.000","0.000","0.000","0.000","0.000","4.000","0.000"
"antitb_1416","KKALAHALKKWLPALKKLAHALAKK","28.000","0.000","0.000","0.000","0.000","0.000","8.000","0.000","32.000","24.000","0.000","0.000","4.000","0.000","0.000","0.000","0.000","0.000","4.000","0.000"
"antitb_1417","KKLALLALKKWLLALKKLALLALKK","20.000","0.000","0.000","0.000","0.000","0.000","0.000","0.000","32.000","44.000","0.000","0.000","0.000","0.000","0.000","0.000","0.000","0.000","4.000","0.000"
"antitb_1418","KKLALLALKKWLPALKKLALLALKK","20.000","0.000","0.000","0.000","0.000","0.000","0.000","0.000","32.000","40.000","0.000","0.000","4.000","0.000","0.000","0.000","0.000","0.000","4.000","0.000"
"antitb_1419","KKLALALAKKWLALAKKLALALAKK","32.000","0.000","0.000","0.000","0.000","0.000","0.000","0.000","32.000","32.000","0.000","0.000","0.000","0.000","0.000","0.000","0.000","0.000","4.000","0.000"
"antitb_1420","KKLALALAKKWLPLAKKLALALAKK","28.000","0.000","0.000","0.000","0.000","0.000","0.000","0.000","32.000","32.000","0.000","0.000","4.000","0.000","0.000","0.000","0.000","0.000","4.000","0.000"
"antitb_1421","KKLALHALKKWLHALKKLAHLALKK","20.000","0.000","0.000","0.000","0.000","0.000","12.000","0.000","32.000","32.000","0.000","0.000","0.000","0.000","0.000","0.000","0.000","0.000","4.000","0.000"
"antitb_1422","KKALAHALKKWLPALKKLAHALAKK","28.000","0.000","0.000","0.000","0.000","0.000","8.000","0.000","32.000","24.000","0.000","0.000","4.000","0.000","0.000","0.000","0.000","0.000","4.000","0.000"
"antitb_1423","KKLALHALKKWLHALKKLAHLALKK","20.000","0.000","0.000","0.000","0.000","0.000","12.000","0.000","32.000","32.000","0.000","0.000","0.000","0.000","0.000","0.000","0.000","0.000","4.000","0.000"
"antitb_1424","KKALAHALKKWLPALKKLAHALAKK","28.000","0.000","0.000","0.000","0.000","0.000","8.000","0.000","32.000","24.000","0.000","0.000","4.000","0.000","0.000","0.000","0.000","0.000","4.000","0.000"
"antitb_1425","KKLALALAKKWLALAKKLALALAKK","32.000","0.000","0.000","0.000","0.000","0.000","0.000","0.000","32.000","32.000","0.000","0.000","0.000","0.000","0.000","0.000","0.000","0.000","4.000","0.000"
"antitb_1426","KKLALALAKKWLPLAKKLALALAKK","28.000","0.000","0.000","0.000","0.000","0.000","0.000","0.000","32.000","32.000","0.000","0.000","4.000","0.000","0.000","0.000","0.000","0.000","4.000","0.000"
"antitb_1427","KKLALHALKKWLHALKKLAHLALKK","20.000","0.000","0.000","0.000","0.000","0.000","12.000","0.000","32.000","32.000","0.000","0.000","0.000","0.000","0.000","0.000","0.000","0.000","4.000","0.000"
"antitb_1428","KKALAHALKKWLPALKKLAHALAKK","28.000","0.000","0.000","0.000","0.000","0.000","8.000","0.000","32.000","24.000","0.000","0.000","4.000","0.000","0.000","0.000","0.000","0.000","4.000","0.000"
"antitb_1429","KKLALALAKKWLALAKKLALALAKK","32.000","0.000","0.000","0.000","0.000","0.000","0.000","0.000","32.000","32.000","0.000","0.000","0.000","0.000","0.000","0.000","0.000","0.000","4.000","0.000"
"antitb_1430","KKLALALAKKWLPLAKKLALALAKK","28.000","0.000","0.000","0.000","0.000","0.000","0.000","0.000","32.000","32.000","0.000","0.000","4.000","0.000","0.000","0.000","0.000","0.000","4.000","0.000"
"antitb_1431","KKLALALAKKWLPLAKKLALALAKK","28.000","0.000","0.000","0.000","0.000","0.000","0.000","0.000","32.000","32.000","0.000","0.000","4.000","0.000","0.000","0.000","0.000","0.000","4.000","0.000"
"antitb_1439","IMYNYPAML","11.111","0.000","0.000","0.000","0.000","0.000","0.000","11.111","0.000","11.111","22.222","11.111","11.111","0.000","0.000","0.000","0.000","0.000","0.000","22.222"
"antitb_1440","AMLGHAGDM","22.222","0.000","11.111","0.000","0.000","22.222","11.111","0.000","0.000","11.111","22.222","0.000","0.000","0.000","0.000","0.000","0.000","0.000","0.000","0.000"
"antitb_1441","MLGHAGDMA","22.222","0.000","11.111","0.000","0.000","22.222","11.111","0.000","0.000","11.111","22.222","0.000","0.000","0.000","0.000","0.000","0.000","0.000","0.000","0.000"
"antitb_1442","YLLDGLRAQ","11.111","0.000","11.111","0.000","0.000","11.111","0.000","0.000","0.000","33.333","0.000","0.000","0.000","11.111","11.111","0.000","0.000","0.000","0.000","11.111"
"antitb_1443","KLVANNTRL","11.111","0.000","0.000","0.000","0.000","0.000","0.000","0.000","11.111","22.222","0.000","22.222","0.000","0.000","11.111","0.000","11.111","11.111","0.000","0.000"
"antitb_1444","FIYAGSLSA","22.222","0.000","0.000","0.000","11.111","11.111","0.000","11.111","0.000","11.111","0.000","0.000","0.000","0.000","0.000","22.222","0.000","0.000","0.000","11.111"
"antitb_1445","AMASTEGNV","22.222","0.000","0.000","11.111","0.000","11.111","0.000","0.000","0.000","0.000","11.111","11.111","0.000","0.000","0.000","11.111","11.111","11.111","0.000","0.000"
"antitb_1446","LLDEGKQSL","0.000","0.000","11.111","11.111","0.000","11.111","0.000","0.000","11.111","33.333","0.000","0.000","0.000","11.111","0.000","11.111","0.000","0.000","0.000","0.000"
"antitb_1447","ALADLPVTV","22.222","0.000","11.111","0.000","0.000","0.000","0.000","0.000","0.000","22.222","0.000","0.000","11.111","0.000","0.000","0.000","11.111","22.222","0.000","0.000"
"antitb_1448","SIIIPTLNV","0.000","0.000","0.000","0.000","0.000","0.000","0.000","33.333","0.000","11.111","0.000","11.111","11.111","0.000","0.000","11.111","11.111","11.111","0.000","0.000"
"antitb_1449","VLAGSVDEL","11.111","0.000","11.111","11.111","0.000","11.111","0.000","0.000","0.000","22.222","0.000","0.000","0.000","0.000","0.000","11.111","0.000","22.222","0.000","0.000"
"antitb_1450","IMYNYPAML","11.111","0.000","0.000","0.000","0.000","0.000","0.000","11.111","0.000","11.111","22.222","11.111","11.111","0.000","0.000","0.000","0.000","0.000","0.000","22.222"
"antitb_1451","WYYQSGLSI","0.000","0.000","0.000","0.000","0.000","11.111","0.000","11.111","0.000","11.111","0.000","0.000","0.000","11.111","0.000","22.222","0.000","0.000","11.111","22.222"
"antitb_1452","FLTSELPQW","0.000","0.000","0.000","11.111","11.111","0.000","0.000","0.000","0.000","22.222","0.000","0.000","11.111","11.111","0.000","11.111","11.111","0.000","11.111","0.000"
"antitb_1453","IYAGSLSAL","22.222","0.000","0.000","0.000","0.000","11.111","0.000","11.111","0.000","22.222","0.000","0.000","0.000","0.000","0.000","22.222","0.000","0.000","0.000","11.111"
"antitb_1454","AYQGVQQKW","11.111","0.000","0.000","0.000","0.000","11.111","0.000","0.000","11.111","0.000","0.000","0.000","0.000","33.333","0.000","0.000","0.000","11.111","11.111","11.111"
"antitb_1455","ELNNALQNL","11.111","0.000","0.000","11.111","0.000","0.000","0.000","0.000","0.000","33.333","0.000","33.333","0.000","11.111","0.000","0.000","0.000","0.000","0.000","0.000"
"antitb_1456","KYIAADRKI","22.222","0.000","11.111","0.000","0.000","0.000","0.000","22.222","22.222","0.000","0.000","0.000","0.000","0.000","11.111","0.000","0.000","0.000","0.000","11.111"
"antitb_1457","PYNLRYRVL","0.000","0.000","0.000","0.000","0.000","0.000","0.000","0.000","0.000","22.222","0.000","11.111","11.111","0.000","22.222","0.000","0.000","11.111","0.000","22.222"
"antitb_1458","KYIFPGGLL","0.000","0.000","0.000","0.000","11.111","22.222","0.000","11.111","11.111","22.222","0.000","0.000","11.111","0.000","0.000","0.000","0.000","0.000","0.000","11.111"
"antitb_1459","QIMYNYPAM","11.111","0.000","0.000","0.000","0.000","0.000","0.000","11.111","0.000","0.000","22.222","11.111","11.111","11.111","0.000","0.000","0.000","0.000","0.000","22.222"
"antitb_1460","LVRAYHAMS","22.222","0.000","0.000","0.000","0.000","0.000","11.111","0.000","0.000","11.111","11.111","0.000","0.000","0.000","11.111","11.111","0.000","11.111","0.000","11.111"
"antitb_1461","IVLVRRWPK","0.000","0.000","0.000","0.000","0.000","0.000","0.000","11.111","11.111","11.111","0.000","0.000","11.111","0.000","22.222","0.000","0.000","22.222","11.111","0.000"
"antitb_1462","QIMYNYPAM","11.111","0.000","0.000","0.000","0.000","0.000","0.000","11.111","0.000","0.000","22.222","11.111","11.111","11.111","0.000","0.000","0.000","0.000","0.000","22.222"
"antitb_1463","IMYNYPAML","11.111","0.000","0.000","0.000","0.000","0.000","0.000","11.111","0.000","11.111","22.222","11.111","11.111","0.000","0.000","0.000","0.000","0.000","0.000","22.222"
"antitb_1464","AMEDLVRAY","22.222","0.000","11.111","11.111","0.000","0.000","0.000","0.000","0.000","11.111","11.111","0.000","0.000","0.000","11.111","0.000","0.000","11.111","0.000","11.111"
"antitb_1465","AMASTEGNV","22.222","0.000","0.000","11.111","0.000","11.111","0.000","0.000","0.000","0.000","11.111","11.111","0.000","0.000","0.000","11.111","11.111","11.111","0.000","0.000"
"antitb_1466","SARLAGIPY","22.222","0.000","0.000","0.000","0.000","11.111","0.000","11.111","0.000","11.111","0.000","0.000","11.111","0.000","11.111","11.111","0.000","0.000","0.000","11.111"
"antitb_1467","RMWELYLAY","11.111","0.000","0.000","11.111","0.000","0.000","0.000","0.000","0.000","22.222","11.111","0.000","0.000","0.000","11.111","0.000","0.000","0.000","11.111","22.222"
"antitb_1468","HAMSSTHEA","22.222","0.000","0.000","11.111","0.000","0.000","22.222","0.000","0.000","0.000","11.111","0.000","0.000","0.000","0.000","22.222","11.111","0.000","0.000","0.000"
"antitb_1469","ANTMAMMAR","33.333","0.000","0.000","0.000","0.000","0.000","0.000","0.000","0.000","0.000","33.333","11.111","0.000","0.000","11.111","0.000","11.111","0.000","0.000","0.000"
"antitb_1470","LPQWLSANR","11.111","0.000","0.000","0.000","0.000","0.000","0.000","0.000","0.000","22.222","0.000","11.111","11.111","11.111","11.111","11.111","0.000","0.000","11.111","0.000"
"antitb_1471","WGAQLNAMK","22.222","0.000","0.000","0.000","0.000","11.111","0.000","0.000","11.111","11.111","11.111","11.111","0.000","11.111","0.000","0.000","0.000","0.000","11.111","0.000"
"antitb_1472","AAPEPVARR","33.333","0.000","0.000","11.111","0.000","0.000","0.000","0.000","0.000","0.000","0.000","0.000","22.222","0.000","22.222","0.000","0.000","11.111","0.000","0.000"
"antitb_1473","LVYGDVIMR","0.000","0.000","11.111","0.000","0.000","11.111","0.000","11.111","0.000","11.111","11.111","0.000","0.000","0.000","11.111","0.000","0.000","22.222","0.000","11.111"
"antitb_1474","AASAAIANR","55.556","0.000","0.000","0.000","0.000","0.000","0.000","11.111","0.000","0.000","0.000","11.111","0.000","0.000","11.111","11.111","0.000","0.000","0.000","0.000"
"antitb_1475","QTYKWETFL","0.000","0.000","0.000","11.111","11.111","0.000","0.000","0.000","11.111","11.111","0.000","0.000","0.000","11.111","0.000","0.000","22.222","0.000","11.111","11.111"
"antitb_1476","ANNTRLWVY","11.111","0.000","0.000","0.000","0.000","0.000","0.000","0.000","0.000","11.111","0.000","22.222","0.000","0.000","11.111","0.000","11.111","11.111","11.111","11.111"
"antitb_1516","RRRPRPPYLPRPRPPPFFPPRLPPRIPPGFPPRFPPRFP","0.000","0.000","0.000","0.000","12.821","2.564","0.000","2.564","0.000","5.128","0.000","0.000","48.718","0.000","25.641","0.000","0.000","0.000","0.000","2.564"
"antitb_1517","RRRPRPPYLPRPRPPPFFPPRLPPRIPPGFPPRFPPRFP","0.000","0.000","0.000","0.000","12.821","2.564","0.000","2.564","0.000","5.128","0.000","0.000","48.718","0.000","25.641","0.000","0.000","0.000","0.000","2.564"
"antitb_1518","RRRPRPPYLPRPRPPPFFPPRLPPRIPPGFPPRFPPRFP","0.000","0.000","0.000","0.000","12.821","2.564","0.000","2.564","0.000","5.128","0.000","0.000","48.718","0.000","25.641","0.000","0.000","0.000","0.000","2.564"
"antitb_1519","RRRPRPPYLPRPRPPPFFPPRLPPRIPPGFPPRFPPRFP","0.000","0.000","0.000","0.000","12.821","2.564","0.000","2.564","0.000","5.128","0.000","0.000","48.718","0.000","25.641","0.000","0.000","0.000","0.000","2.564"
"antitb_1520","RRRPRPPYLPRPRPPPFFPPRLPPRIPPGFPPRFPPRFP","0.000","0.000","0.000","0.000","12.821","2.564","0.000","2.564","0.000","5.128","0.000","0.000","48.718","0.000","25.641","0.000","0.000","0.000","0.000","2.564"
"antitb_1521","RRRPRPPYLPRPRPPPFFPPRLPPRIPPGFPPRFPPRFP","0.000","0.000","0.000","0.000","12.821","2.564","0.000","2.564","0.000","5.128","0.000","0.000","48.718","0.000","25.641","0.000","0.000","0.000","0.000","2.564"
"antitb_1522","RRRPRPPYLPRPRPPPFFPPRLPPRIPPGFPPRFPPRFP","0.000","0.000","0.000","0.000","12.821","2.564","0.000","2.564","0.000","5.128","0.000","0.000","48.718","0.000","25.641","0.000","0.000","0.000","0.000","2.564"
"antitb_1523","RRRPRPPYLPRPRPPPFFPPRLPPRIPPGFPPRFPPRFP","0.000","0.000","0.000","0.000","12.821","2.564","0.000","2.564","0.000","5.128","0.000","0.000","48.718","0.000","25.641","0.000","0.000","0.000","0.000","2.564"
"antitb_1524","NEDTVTQAASRVCDKMKILRGVCKKIMRTFLRRISKD","5.405","5.405","8.108","2.703","2.703","2.703","0.000","8.108","13.514","5.405","5.405","2.703","0.000","2.703","13.514","5.405","8.108","8.108","0.000","0.000"
"antitb_1525","VCEHIHLIRGLCHHLMHSYIKR","0.000","9.091","0.000","4.545","0.000","4.545","22.727","13.636","4.545","13.636","4.545","0.000","0.000","0.000","9.091","4.545","0.000","4.545","0.000","4.545"
"antitb_1526","VCDKMKILRGVCKKIMRSFLRR","0.000","9.091","4.545","0.000","4.545","4.545","0.000","9.091","18.182","9.091","9.091","0.000","0.000","0.000","18.182","4.545","0.000","9.091","0.000","0.000"
"antitb_1528","LLGDFFRKSKEKIGKEFKRIVQRIKDFLRNLVPRTES","0.000","0.000","5.405","8.108","10.811","5.405","0.000","8.108","16.216","10.811","0.000","2.703","2.703","2.703","13.514","5.405","2.703","5.405","0.000","0.000"
"antitb_1529","KEFKRIVKRIKKFLRKLV","0.000","0.000","0.000","5.556","11.111","0.000","0.000","11.111","33.333","11.111","0.000","0.000","0.000","0.000","16.667","0.000","0.000","11.111","0.000","0.000"
"antitb_1530","KWKSFLKTFKSLKKTKLHTLLKLISS","0.000","0.000","0.000","0.000","7.692","0.000","3.846","3.846","30.769","23.077","0.000","0.000","0.000","0.000","0.000","15.385","11.538","0.000","3.846","0.000"
"antitb_1531","KWKSFLKTFKSLKKTKLHTLLKLISS","0.000","0.000","0.000","0.000","7.692","0.000","3.846","3.846","30.769","23.077","0.000","0.000","0.000","0.000","0.000","15.385","11.538","0.000","3.846","0.000"
"antitb_1532","QRSVSNAATRVCRTGRSRW","10.526","5.263","0.000","0.000","0.000","5.263","0.000","0.000","0.000","0.000","0.000","5.263","0.000","5.263","26.316","15.789","10.526","10.526","5.263","0.000"
"antitb_1533","VCRTGRSRWRDVNRNFMRRYQSR","0.000","4.348","4.348","0.000","4.348","4.348","0.000","0.000","0.000","0.000","4.348","8.696","0.000","4.348","34.783","8.696","4.348","8.696","4.348","4.348"
"antitb_1534","SVFPQQTTGQLAELQPQDRAGARASWMPMFQRRRRR","11.111","0.000","2.778","2.778","5.556","5.556","0.000","0.000","0.000","5.556","5.556","0.000","8.333","16.667","19.444","5.556","5.556","2.778","2.778","0.000"
"antitb_1538","ESTYQGHHTPPVQKGLRYGIILFITSEVFFFAGFF","2.857","0.000","0.000","5.714","17.143","11.429","5.714","8.571","2.857","5.714","0.000","0.000","5.714","5.714","2.857","5.714","8.571","5.714","0.000","5.714"
"antitb_1539","GIGKFLKSKGKFGKA","6.667","0.000","0.000","0.000","13.333","26.667","0.000","6.667","33.333","6.667","0.000","0.000","0.000","0.000","0.000","6.667","0.000","0.000","0.000","0.000"
"antitb_1540","STLHLVLRLRGG","0.000","0.000","0.000","0.000","0.000","16.667","8.333","0.000","0.000","33.333","0.000","0.000","0.000","0.000","16.667","8.333","8.333","8.333","0.000","0.000"
"antitb_1541","RPPQFTRAQWFAIQHISLMPPRCTIAMRAINNYRWRCKNQNTFLR","8.889","4.444","0.000","0.000","6.667","0.000","2.222","8.889","2.222","4.444","4.444","8.889","8.889","8.889","15.556","2.222","6.667","0.000","4.444","2.222"
"antitb_1542","RPPQFTRAQWFAIQHISLMPPRCTIAMRAINNYRWRCKNQNTFLR","8.889","4.444","0.000","0.000","6.667","0.000","2.222","8.889","2.222","4.444","4.444","8.889","8.889","8.889","15.556","2.222","6.667","0.000","4.444","2.222"
"antitb_1543","RPPQFTRAQWFAIQHISLMPPRCTIAMRAINNYRWRCKNQNTFLR","8.889","4.444","0.000","0.000","6.667","0.000","2.222","8.889","2.222","4.444","4.444","8.889","8.889","8.889","15.556","2.222","6.667","0.000","4.444","2.222"
"antitb_1544","DTHFPICIFCCGCCHRSKCGMCCKT","0.000","32.000","4.000","0.000","8.000","8.000","8.000","8.000","8.000","0.000","4.000","0.000","4.000","0.000","4.000","4.000","8.000","0.000","0.000","0.000"
"antitb_1545","FKCRRWQWRMKKLG","0.000","7.143","0.000","0.000","7.143","7.143","0.000","0.000","21.429","7.143","7.143","0.000","0.000","7.143","21.429","0.000","0.000","0.000","14.286","0.000"
"antitb_1553","TTKNYGNGVCNSVNWCQCGNVWASCNLATGCAAWLCKLA","12.821","15.385","0.000","0.000","0.000","10.256","0.000","0.000","5.128","7.692","0.000","15.385","0.000","2.564","0.000","5.128","7.692","7.692","7.692","2.564"
"antitb_1554","TTKNYGNGVCNSVNWCQCGNVWASCNLATGCAAWLCKLA","12.821","15.385","0.000","0.000","0.000","10.256","0.000","0.000","5.128","7.692","0.000","15.385","0.000","2.564","0.000","5.128","7.692","7.692","7.692","2.564"
"antitb_1555","PRVIETKVHGREVTGLARNVSEENVDRLAKRWIK","5.882","0.000","2.941","11.765","0.000","5.882","2.941","5.882","8.824","5.882","0.000","5.882","2.941","0.000","14.706","2.941","5.882","14.706","2.941","0.000"
"antitb_1557","ECYRKSDIVTCEPWQKFCYREVTFFPNHPVYLSGCASECTETNSKWCCTTDKCNRARGG","3.390","13.559","3.390","8.475","5.085","5.085","1.695","1.695","6.780","1.695","0.000","5.085","5.085","1.695","6.780","6.780","10.169","5.085","3.390","5.085"
"antitb_1558","ECYRKSDIVTCEPWQKFCYREVTFFPNHPVYLSGCASECTETNSKWCCTTDKCNRARGG","3.390","13.559","3.390","8.475","5.085","5.085","1.695","1.695","6.780","1.695","0.000","5.085","5.085","1.695","6.780","6.780","10.169","5.085","3.390","5.085"
"antitb_1559","ECYRKSDIVTCEPWQKFCYREVTFFPNHPVYLSGCASECTETNSKWCCTTDKCNRARGG","3.390","13.559","3.390","8.475","5.085","5.085","1.695","1.695","6.780","1.695","0.000","5.085","5.085","1.695","6.780","6.780","10.169","5.085","3.390","5.085"
"antitb_1560","ECYRKSDIVTCEPWQKFCYREVTFFPNHPVYLSGCASECTETNSKWCCTTDKCNRARGG","3.390","13.559","3.390","8.475","5.085","5.085","1.695","1.695","6.780","1.695","0.000","5.085","5.085","1.695","6.780","6.780","10.169","5.085","3.390","5.085"
"antitb_1561","ECYRKSDIVTCEPWQKFCYREVTFFPNHPVYLSGCASECTETNSKWCCTTDKCNRARGG","3.390","13.559","3.390","8.475","5.085","5.085","1.695","1.695","6.780","1.695","0.000","5.085","5.085","1.695","6.780","6.780","10.169","5.085","3.390","5.085"
"antitb_1562","ECYRKSDIVTCEPWQKFCYREVTFFPNHPVYLSGCASECTETNSKWCCTTDKCNRARGG","3.390","13.559","3.390","8.475","5.085","5.085","1.695","1.695","6.780","1.695","0.000","5.085","5.085","1.695","6.780","6.780","10.169","5.085","3.390","5.085"
"antitb_1607","RKDVY","0.000","0.000","20.000","0.000","0.000","0.000","0.000","0.000","20.000","0.000","0.000","0.000","0.000","0.000","20.000","0.000","0.000","20.000","0.000","20.000"
"antitb_1608","RRRRRR","0.000","0.000","0.000","0.000","0.000","0.000","0.000","0.000","0.000","0.000","0.000","0.000","0.000","0.000","99.999","0.000","0.000","0.000","0.000","0.000"
"antitb_1609","RKDVYRRRRRR","0.000","0.000","9.091","0.000","0.000","0.000","0.000","0.000","9.091","0.000","0.000","0.000","0.000","0.000","63.636","0.000","0.000","9.091","0.000","9.091"
"antitb_1610","RRRRRRRKDVY","0.000","0.000","9.091","0.000","0.000","0.000","0.000","0.000","9.091","0.000","0.000","0.000","0.000","0.000","63.636","0.000","0.000","9.091","0.000","9.091"
"antitb_1611","RKDVY","0.000","0.000","20.000","0.000","0.000","0.000","0.000","0.000","20.000","0.000","0.000","0.000","0.000","0.000","20.000","0.000","0.000","20.000","0.000","20.000"
"antitb_1612","RRRRRR","0.000","0.000","0.000","0.000","0.000","0.000","0.000","0.000","0.000","0.000","0.000","0.000","0.000","0.000","99.999","0.000","0.000","0.000","0.000","0.000"
"antitb_1613","RKDVYRRRRRR","0.000","0.000","9.091","0.000","0.000","0.000","0.000","0.000","9.091","0.000","0.000","0.000","0.000","0.000","63.636","0.000","0.000","9.091","0.000","9.091"
"antitb_1614","RRRRRRRKDVY","0.000","0.000","9.091","0.000","0.000","0.000","0.000","0.000","9.091","0.000","0.000","0.000","0.000","0.000","63.636","0.000","0.000","9.091","0.000","9.091"
"antitb_1615","RRRRRRRKDVY","0.000","0.000","9.091","0.000","0.000","0.000","0.000","0.000","9.091","0.000","0.000","0.000","0.000","0.000","63.636","0.000","0.000","9.091","0.000","9.091"
"antitb_1616","LLKKLLKK","0.000","0.000","0.000","0.000","0.000","0.000","0.000","0.000","50.000","50.000","0.000","0.000","0.000","0.000","0.000","0.000","0.000","0.000","0.000","0.000"
"antitb_1617","PLLKKLLKKP","0.000","0.000","0.000","0.000","0.000","0.000","0.000","0.000","40.000","40.000","0.000","0.000","20.000","0.000","0.000","0.000","0.000","0.000","0.000","0.000"
"antitb_1618","CLLKKLLKKC","0.000","20.000","0.000","0.000","0.000","0.000","0.000","0.000","40.000","40.000","0.000","0.000","0.000","0.000","0.000","0.000","0.000","0.000","0.000","0.000"
"antitb_1619","ILLKKLLKKI","0.000","0.000","0.000","0.000","0.000","0.000","0.000","20.000","40.000","40.000","0.000","0.000","0.000","0.000","0.000","0.000","0.000","0.000","0.000","0.000"
"antitb_1620","MLLKKLLKKM","0.000","0.000","0.000","0.000","0.000","0.000","0.000","0.000","40.000","40.000","20.000","0.000","0.000","0.000","0.000","0.000","0.000","0.000","0.000","0.000"
"antitb_1621","WLLKKLLKKW","0.000","0.000","0.000","0.000","0.000","0.000","0.000","0.000","40.000","40.000","0.000","0.000","0.000","0.000","0.000","0.000","0.000","0.000","20.000","0.000"
"antitb_1622","LLKKLLKK","0.000","0.000","0.000","0.000","0.000","0.000","0.000","0.000","50.000","50.000","0.000","0.000","0.000","0.000","0.000","0.000","0.000","0.000","0.000","0.000"
"antitb_1623","PLLKKLLKKP","0.000","0.000","0.000","0.000","0.000","0.000","0.000","0.000","40.000","40.000","0.000","0.000","20.000","0.000","0.000","0.000","0.000","0.000","0.000","0.000"
"antitb_1624","CLLKKLLKKC","0.000","20.000","0.000","0.000","0.000","0.000","0.000","0.000","40.000","40.000","0.000","0.000","0.000","0.000","0.000","0.000","0.000","0.000","0.000","0.000"
"antitb_1625","ILLKKLLKKI","0.000","0.000","0.000","0.000","0.000","0.000","0.000","20.000","40.000","40.000","0.000","0.000","0.000","0.000","0.000","0.000","0.000","0.000","0.000","0.000"
"antitb_1626","MLLKKLLKKM","0.000","0.000","0.000","0.000","0.000","0.000","0.000","0.000","40.000","40.000","20.000","0.000","0.000","0.000","0.000","0.000","0.000","0.000","0.000","0.000"
"antitb_1627","WLLKKLLKKW","0.000","0.000","0.000","0.000","0.000","0.000","0.000","0.000","40.000","40.000","0.000","0.000","0.000","0.000","0.000","0.000","0.000","0.000","20.000","0.000"
"antitb_1628","LLGDFFRKSKEKIGKEFKRIVQRIKDFLRNLVPRTES","0.000","0.000","5.405","8.108","10.811","5.405","0.000","8.108","16.216","10.811","0.000","2.703","2.703","2.703","13.514","5.405","2.703","5.405","0.000","0.000"
"antitb_1629","RKSAKKIGKRAKR","15.385","0.000","0.000","0.000","0.000","7.692","0.000","7.692","38.462","0.000","0.000","0.000","0.000","0.000","23.077","7.692","0.000","0.000","0.000","0.000"
"antitb_1648","EFAGAGFVRAGAL","30.769","0.000","0.000","7.692","15.385","23.077","0.000","0.000","0.000","7.692","0.000","0.000","0.000","0.000","7.692","0.000","0.000","7.692","0.000","0.000"
"antitb_1649","SEFAYGSFVRTVSLPV","6.250","0.000","0.000","6.250","12.500","6.250","0.000","0.000","0.000","6.250","0.000","0.000","6.250","0.000","6.250","18.750","6.250","18.750","0.000","6.250"
"antitb_1650","SEFAYGSFVRTVSLPV","6.250","0.000","0.000","6.250","12.500","6.250","0.000","0.000","0.000","6.250","0.000","0.000","6.250","0.000","6.250","18.750","6.250","18.750","0.000","6.250"
"antitb_1653","WKWLKKWIK","0.000","0.000","0.000","0.000","0.000","0.000","0.000","11.111","44.444","11.111","0.000","0.000","0.000","0.000","0.000","0.000","0.000","0.000","33.333","0.000"
"antitb_1723","NVTSIHSLL","0.000","0.000","0.000","0.000","0.000","0.000","11.111","11.111","0.000","22.222","0.000","11.111","0.000","0.000","0.000","22.222","11.111","11.111","0.000","0.000"
"antitb_1724","ELNNALQNLART","16.667","0.000","0.000","8.333","0.000","0.000","0.000","0.000","0.000","25.000","0.000","25.000","0.000","8.333","8.333","0.000","8.333","0.000","0.000","0.000"
"antitb_1725","SGSEAYQGVQQKWDA","13.333","0.000","6.667","6.667","0.000","13.333","0.000","0.000","6.667","0.000","0.000","0.000","0.000","20.000","0.000","13.333","0.000","6.667","6.667","6.667"
"antitb_1726","TATELNNAL","22.222","0.000","0.000","11.111","0.000","0.000","0.000","0.000","0.000","22.222","0.000","22.222","0.000","0.000","0.000","0.000","22.222","0.000","0.000","0.000"
"antitb_1727","RTISEAGQAM","20.000","0.000","0.000","10.000","0.000","10.000","0.000","10.000","0.000","0.000","10.000","0.000","0.000","10.000","10.000","10.000","10.000","0.000","0.000","0.000"
"antitb_1728","AYQGVQQKW","11.111","0.000","0.000","0.000","0.000","11.111","0.000","0.000","11.111","0.000","0.000","0.000","0.000","33.333","0.000","0.000","0.000","11.111","11.111","11.111"
"antitb_1729","SEAYQGVQQ","11.111","0.000","0.000","11.111","0.000","11.111","0.000","0.000","0.000","0.000","0.000","0.000","0.000","33.333","0.000","11.111","0.000","11.111","0.000","11.111"
"antitb_1730","SEAYQGVQQK","10.000","0.000","0.000","10.000","0.000","10.000","0.000","0.000","10.000","0.000","0.000","0.000","0.000","30.000","0.000","10.000","0.000","10.000","0.000","10.000"
"antitb_1731","KMHATNHGGGS","9.091","0.000","0.000","0.000","0.000","27.273","18.182","0.000","9.091","0.000","9.091","9.091","0.000","0.000","0.000","9.091","9.091","0.000","0.000","0.000"
"antitb_1732","YPHHFKHRHIPIGGGS","0.000","0.000","0.000","0.000","6.250","18.750","25.000","12.500","6.250","0.000","0.000","0.000","12.500","0.000","6.250","6.250","0.000","0.000","0.000","6.250"
"antitb_1733","GVENVSW","0.000","0.000","0.000","14.286","0.000","14.286","0.000","0.000","0.000","0.000","0.000","14.286","0.000","0.000","0.000","14.286","0.000","28.571","14.286","0.000"
"antitb_1734","KMHATNH","14.286","0.000","0.000","0.000","0.000","0.000","28.571","0.000","14.286","0.000","14.286","14.286","0.000","0.000","0.000","0.000","14.286","0.000","0.000","0.000"
"antitb_1735","KMHATNHGGGS","9.091","0.000","0.000","0.000","0.000","27.273","18.182","0.000","9.091","0.000","9.091","9.091","0.000","0.000","0.000","9.091","9.091","0.000","0.000","0.000"
"antitb_1736","YPHHFKHRHIPI","0.000","0.000","0.000","0.000","8.333","0.000","33.333","16.667","8.333","0.000","0.000","0.000","16.667","0.000","8.333","0.000","0.000","0.000","0.000","8.333"
