"id","seq","H","E","C","T","dssp"
"antitb_1001","GRKKRRQRRRPPQ","0","0","53.8","46.2","CCTTSCCSSCSCC"
"antitb_1002","LGISYGRKKRRQRRRPPQ","27.8","0","38.9","33.3","CCCCSSTTGGGGGSCSCC"
"antitb_1003","FITKALGISYGRKKRRQRRRPPQ","17.4","0","26.1","56.5","CCSSSTTCCSSHHHHTTTTSSCC"
"antitb_1004","FITKALGISYGRKKRR","0","12.5","56.2","31.2","CBCCSSCCCSSSCBCC"
"antitb_1005","GRKKRRQRRR","70","0","30","0","CCHHHHGGGC"
"antitb_1006","RKKRRQRRR","0","0","88.9","11.1","CCCCCSCCC"
"antitb_1007","RKKRRQRR","50","0","37.5","12.5","CCGGGGTC"
"antitb_1008","RKKRRQR","0","28.6","28.6","42.9","CBTTTBC"
"antitb_1009","KKRRQRRR","0","0","87.5","12.5","CCSCCCCC"
"antitb_1010","KRRQRRR","0","0","71.4","28.6","CTTCCCC"
"antitb_1011","rkkrrqrrr","33.3","0","33.3","33.3","CGGGSSSCC"
"antitb_1012","RRRQRRKKR","77.8","0","22.2","0","CGGGHHHHC"
"antitb_1013","rrrqrrkkr","44.4","0","33.3","22.2","CTTHHHHCC"
"antitb_1014","AKKRRQRRR","44.4","0","55.6","0","CGGGGCCCC"
"antitb_1015","RAKRRQRRR","44.4","0","55.6","0","CGGGGCCCC"
"antitb_1016","RKARRQRRR","0","0","22.2","77.8","CTTTTTTTC"
"antitb_1017","RKKARQRRR","55.6","0","33.3","11.1","CGGGGGTCC"
"antitb_1018","RKKRAQRRR","66.7","0","33.3","0","CGGGCGGGC"
"antitb_1019","RKKRRARRR","44.4","0","55.6","0","CGGGGCCCC"
"antitb_1020","RKKRRQARR","33.3","0","33.3","33.3","CGGGTTTCC"
"antitb_1021","RKKRRQRAR","44.4","0","33.3","22.2","CTHHHHSCC"
"antitb_1022","RKKRRQRRA","44.4","0","44.4","11.1","CGGGGTCCC"
"antitb_1023","GRKKRRQRRPPQC","0","0","84.6","15.4","CCCCCCCCCSSCC"
"antitb_1024","GRKKRRQRPPQC","0","0","75","25","CCCCCSSCCSCC"
"antitb_1025","GRKKRRQPPQC","0","0","72.7","27.3","CCCSSSCCCCC"
"antitb_1026","GRKKRRQRRRC","63.6","0","36.4","0","CHHHHHHHCCC"
"antitb_1027","GRKKRRQRARPPQC","0","0","50","50","CCTTTSCCCSSSCC"
"antitb_1028","GRKKRRQARAPPQC","0","0","64.3","35.7","CCTTSCCSSCCCCC"
"antitb_1029","TRQARRNRRRRWRERQR","43.8","0","12.5","43.8","CTTTTTTHHHHHHHTC"
"antitb_1030","RRRR","0","0","100","0","CCCC"
"antitb_1031","RRRRR","0","0","100","0","CCCCC"
"antitb_1032","RRRRRR","0","0","100","0","CCCCCC"
"antitb_1033","RRRRRRR","42.9","0","57.1","0","CCGGGCC"
"antitb_1034","RRRRRRRR","0","0","75","25","CCSCSCCC"
"antitb_1035","RRRRRRRRR","55.6","0","44.4","0","CGGGGGCCC"
"antitb_1036","RRRRRRRRRRR","63.6","0","27.3","9.1","CGGGGGGGSCC"
"antitb_1037","RRRRRRRRRRRR","75","0","25","0","CGGGGGGGGGCC"
"antitb_1038","RRRRRRRRRRRRRRRR","62.5","0","25","12.5","CGGGTHHHHGGGCSCC"
"antitb_1039","rrrrr","0","0","100","0","CCCCC"
"antitb_1040","rrrrrr","0","0","100","0","CCCCCC"
"antitb_1041","rrrrrrr","42.9","0","57.1","0","CCGGGCC"
"antitb_1042","rrrrrrrr","0","0","100","0","CCCCCCCC"
"antitb_1043","rrrrrrrrr","0","0","100","0","CCCCCCCCC"
"antitb_1044","GWTLNSAGYLLGKINLKALAALAKKIL","59.3","0","11.1","29.6","CCSHHHHTTTTTTTHHHHHHHHHHHHC"
"antitb_1045","GWTLNSAGYLLGKINLKALAALAKKLL","33.3","0","33.3","33.3","CCCCSCCTTSCTTSCHHHHHHHHHTTC"
"antitb_1046","GWTLNSAGYLLGKFLPLILRKIVTAL","57.7","0","19.2","23.1","CCSSCHHHHHHTTCHHHHHHHHHTTC"
"antitb_1047","GWTLNPAGYLLGKINLKALAALAKKIL","25.9","0","29.6","44.4","CGGGSSSCTTTTCSCHHHHTTTSCCCC"
"antitb_1048","GWTLNPPGYLLGKINLKALAALAKKIL","25.9","0","44.4","29.6","CCCCCCTTCCSSCCCHHHHTTTGGGTC"
"antitb_1049","LNSAGYLLGKINLKALAALAKKIL","29.2","0","29.2","41.7","CCSTTTSSSCCCHHHHTTSGGGCC"
"antitb_1050","LLGKINLKALAALAKKIL","55.6","0","16.7","27.8","CGGGTCHHHHHHHSTTTC"
"antitb_1051","GWTLNSAGYLLGKLKALAALAKKIL","60","0","8","32","CGGGGTTSTTTHHHHHHHHTGGGTC"
"antitb_1052","AGYLLGKINLKALAALAKKIL","33.3","0","33.3","33.3","CCCCCTTSCTHHHHHHHTTTC"
"antitb_1053","GWTLNSKINLKALAALAKKIL","33.3","0","28.6","38.1","CCSSSCSSCHHHHHHHSSSCC"
"antitb_1054","LNSAGYLLGKLKALAALAKIL","19","0","9.5","71.4","CTTTTTSTTTTHHHHTTTTTC"
"antitb_1055","LNSAGYLLGKALAALAKKIL","30","0","20","50","CCCSTTSGGGTTTTSGGGTC"
"antitb_1056","AGYLLGKLKALAALAKKIL","63.2","0","26.3","10.5","CTTCCHHHHHHHHHHHHCC"
"antitb_1057","LNSAGYLLGKLKALAALAK","52.6","0","31.6","15.8","CCCCTTTHHHHHHHHHHCC"
"antitb_1058","GWTLNSAGYLLGKINLKAPAALAKKIL","14.8","0","33.3","51.9","CCCTTCCSSSSCCSCTTSHHHHTTTTC"
"antitb_1059","GWTLNSAGYLLGPHAVGNHRSFSDKNGLTS","33.3","0","30","36.7","CCCHHHHHHHSCTTTSSSGGGSSSSCCCCC"
"antitb_1060","INLKALAALAKKIL","57.1","0","21.4","21.4","CCSHHHHHHHHTTC"
"antitb_1061","KLALKLALKALKAALKLA","66.7","0","22.2","11.1","CCHHHHHHHHHHHHTTCC"
"antitb_1062","KLALKLALKAWKAALKLA","66.7","0","27.8","5.6","CCHHHHHHHHHHHHTCCC"
"antitb_1063","KLALKAALKAWKAAAKLA","72.2","0","22.2","5.6","CGGGGCGGGHHHHHHTCC"
"antitb_1064","KLALKAAAKAWKAAAKAA","50","0","22.2","27.8","CCHHHHHTTTHHHHTTCC"
"antitb_1065","KITLKLAIKAWKLALKAA","50","0","33.3","16.7","CCCSSCGGGSGGGGGGCC"
"antitb_1066","KIAAKSIAKIWKSILKIA","38.9","0","27.8","33.3","CCSCTTTHHHHHHHTSCC"
"antitb_1067","KALAKALAKLWKALAKAA","44.4","0","16.7","38.9","CTHHHHTTTTHHHHTTCC"
"antitb_1068","KLALKLALKWAKLALKAA","83.3","0","16.7","0","CCHHHHHHHHHHHGGGGC"
"antitb_1069","KLLAKAAKKWLLLALKAA","66.7","0","11.1","22.2","CTHHHHTGGGHHHHHTTC"
"antitb_1070","KLLAKAALKWLLKALKAA","55.6","0","16.7","27.8","CCGGGTTTHHHHHHHTTC"
"antitb_1071","KALKKLLAKWLAAAKALL","50","0","22.2","27.8","CTHHHHHHHHHSSCTTCC"
"antitb_1072","KLAAALLKKWKKLAAALL","55.6","0","11.1","33.3","CGGGTTTHHHHHHHTTTC"
"antitb_1073","KALAALLKKWAKLLAALK","77.8","0","22.2","0","CCHHHHHHHHHHHHHHCC"
"antitb_1074","KALAALLKKLAKLLAALK","66.7","0","16.7","16.7","CGGGGTHHHHHHHHTTCC"
"antitb_1075","KLALKLALKALKAALK","75","0","25","0","CCHHHHHHHHHHHHCC"
"antitb_1076","KLALKALKAALKLA","57.1","0","21.4","21.4","CTTHHHHHHHHTCC"
"antitb_1077","KLALKLALKALKAA","64.3","0","14.3","21.4","CHHHHHHTTSGGGC"
"antitb_1078","KLGLKLGLKGLKGGLKLG","0","0","44.4","55.6","CCSTTCSSCCCCSSSTTC"
"antitb_1079","KLALKLALKALQAALQLA","61.1","0","11.1","27.8","CTHHHHTHHHHHHHTTTC"
"antitb_1080","KLALQLALQALQAALQLA","66.7","0","16.7","16.7","CCHHHHHTHHHHHHHTTC"
"antitb_1081","QLALQLALQALQAALQLA","83.3","0","11.1","5.6","CHHHHHHHHHHHHHHHTC"
"antitb_1082","ELALELALEALEAALELA","61.1","0","11.1","27.8","CTTTHHHHHTTHHHHHHC"
"antitb_1083","LKTLATALTKLAKTLTTL","61.1","0","22.2","16.7","CCSTHHHHHHHHHHHTCC"
"antitb_1084","LLKTTALLKTTALLKTTA","38.9","0","38.9","22.2","CCCCHHHHHHHTTSCSCC"
"antitb_1085","LKTLTETLKELTKTLTEL","55.6","0","22.2","22.2","CCGGGGGGTHHHHTTTCC"
"antitb_1086","LLKTTELLKTTELLKTTE","27.8","0","33.3","38.9","CCSGGGGGSCSTTTTCCC"
"antitb_1087","RQIKIWFQNRRMKWKK","37.5","0","31.2","31.2","CCCSSHHHHHHSSSCC"
"antitb_1088","klalklalkalkaalkla","44.4","0","27.8","27.8","CCHHHHHHHHTTTTSCCC"
"antitb_1089","KALKLKLALALLAKLKLA","55.6","0","27.8","16.7","CCCTTHHHHHHHHHHSCC"
"antitb_1090","RQIKIWFQNRRMKWKK","37.5","0","31.2","31.2","CCCSSHHHHHHSSSCC"
"antitb_1091","KKWKMRRNQFWIKIQR","0","0","75","25","CCCCCCCSSSCCCSCC"
"antitb_1092","rqikiwfqnrrmkwkk","37.5","0","31.2","31.2","CCCSSHHHHHHSSSCC"
"antitb_1093","RQIKIWFPNRRMKWKK","18.8","0","43.8","37.5","CCCCSSSSCSGGGTCC"
"antitb_1094","RQPKIWFPNRRKPWKK","0","0","56.2","43.8","CCCSSCCSSSSSCCCC"
"antitb_1095","RQIKIWFQNRRMKWKK","37.5","0","31.2","31.2","CCCSSHHHHHHSSSCC"
"antitb_1096","RQIKIWFQNRRMKWK","0","0","60","40","CCCCCSCTTCSSSCC"
"antitb_1097","RQIKIWFQNRRMKW","0","0","50","50","CCCTTSCSCSSSCC"
"antitb_1098","RQIKIWFQNRRMK","0","0","69.2","30.8","CCCCCSCSSSCCC"
"antitb_1099","RQIKIWFQNRRM","0","0","58.3","41.7","CCCCCSCSSTTC"
"antitb_1100","RQIKIWFQNRR","0","0","63.6","36.4","CCCSSCCSSCC"
"antitb_1101","RQIKIWFQNR","0","0","70","30","CCCSSCCSCC"
"antitb_1102","RQIKIWFQN","0","0","55.6","44.4","CCSSCSSCC"
"antitb_1103","RQIKIWFQ","0","0","100","0","CCCCCCCC"
"antitb_1104","RQIKIW","0","0","100","0","CCCCCC"
"antitb_1105","QIKIWFQNRRMKWKK","0","0","80","20","CCCCCCCSCCCSSCC"
"antitb_1106","IKIWFQNRRMKWKK","0","28.6","50","21.4","CCSCCEETTEECCC"
"antitb_1107","KIWFQNRRMKWKK","0","0","69.2","30.8","CCSSCCCCCCTTC"
"antitb_1108","IWFQNRRMKWKK","0","0","41.7","58.3","CCCTTSSSSSCC"
"antitb_1109","WFQNRRMKWKK","0","0","54.5","45.5","CCSTTTTCCCC"
"antitb_1110","FQNRRMKWKK","0","0","50","50","CCTTSCCTTC"
"antitb_1111","QNRRMKWKK","33.3","0","55.6","11.1","CCCCSGGGC"
"antitb_1112","NRRMKWKK","0","25","50","25","CCCBTTBC"
"antitb_1113","RRMKWKK","0","0","71.4","28.6","CCSCSCC"
"antitb_1114","RMKWKK","0","0","50","50","CTTTCC"
"antitb_1115","AQIKIWFQNRRMKWKK","0","0","43.8","56.2","CCCTTTCSCTTTTSCC"
"antitb_1116","RAIKIWFQNRRMKWKK","0","0","50","50","CCSSCCSSSCCTTSCC"
"antitb_1117","RQAKIWFQNRRMKWKK","18.8","0","56.2","25","CCCCCCSCGGGSSSCC"
"antitb_1118","RQIAIWFQNRRMKWKK","0","12.5","43.8","43.8","CCBTTBCTTCCSSSCC"
"antitb_1119","RQIKAWFQNRRMKWKK","43.8","0","18.8","37.5","CTHHHHTTTTSGGGCC"
"antitb_1120","RQIKIAFQNRRMKWKK","0","0","50","50","CCCTTSCTTSCCTTCC"
"antitb_1121","RQIKIWAQNRRMKWKK","25","12.5","37.5","25","CCCCCHHHHTTBTTBC"
"antitb_1122","RQIKIWFANRRMKWKK","0","0","56.2","43.8","CCCSCCCSSTTTCSCC"
"antitb_1123","RQIKIWFQARRMKWKK","31.2","0","50","18.8","CCCCCHHHHHSCSSCC"
"antitb_1124","RQIKIWFQNARMKWKK","0","0","43.8","56.2","CCCCTTSSSSSSCSCC"
"antitb_1125","RQIKIWFQNRAMKWKK","0","12.5","37.5","50","CCCSSCBTTTTBSSCC"
"antitb_1126","RQIKIWFQNRRAKWKK","0","0","43.8","56.2","CCCSSCSSTTSSSCCC"
"antitb_1127","RQIKIWFQNRRMAWKK","0","0","56.2","43.8","CCCCCCSSSCTTTTCC"
"antitb_1128","RQIKIWFQNRRMKAKK","0","0","62.5","37.5","CCCCSCCCSSTTSCCC"
"antitb_1129","RQIKIWFQNRRMKWAK","0","0","62.5","37.5","CCSCCSCCSSCCSSCC"
"antitb_1130","RQIKIWFQNRRMKWKA","0","12.5","62.5","25","CCCSSCCCCCCBTTBC"
"antitb_1131","CRQIKIWFPNRRMKWKKC","0","0","66.7","33.3","CCCCCSCSTTCTTCCCCC"
"antitb_1132","RQIKIWFPNRRMKWKK","18.8","0","43.8","37.5","CCCCSSSSCSGGGTCC"
"antitb_1133","RQIKIWFQNRRMKWKK","37.5","0","31.2","31.2","CCCSSHHHHHHSSSCC"
"antitb_1134","RQIKIFFQNRRMKFKK","56.2","0","18.8","25","CCHHHHHHHHHTTTTC"
"antitb_1135","RQIRIWFQNRRMRWRR","0","0","43.8","56.2","CCSSSCSSSCCSSSCC"
"antitb_1136","RRRRRRRW","0","0","100","0","CCCCCCCC"
"antitb_1137","GRKKRRQRRRPWQ","30.8","0","38.5","30.8","CTHHHHCSSSCCC"
"antitb_1138","GRKKRRQRRRPWQ","30.8","0","38.5","30.8","CTHHHHCSSSCCC"
"antitb_1139","RQIRIWFQNRRMRWRR","0","0","50","50","CCCCSSSSSCCSSSCC"
"antitb_1140","RRWRRWWRRWWRRWRR","75","0","12.5","12.5","CGGGGTHHHHHHHHTC"
"antitb_1141","RQIKIWFQNMRRKWKK","56.2","0","43.8","0","CCCCCHHHHHHHHHCC"
"antitb_1142","KMDCRWRWKCCKK","0","15.4","46.2","38.5","CCSCCBTTTBSCC"
"antitb_1143","MDCRWRWKCCKK","0","0","41.7","58.3","CTTSCCCTTTTC"
"antitb_1144","DCRWRWKCCKK","0","0","45.5","54.5","CCSSSTTCSCC"
"antitb_1145","CRWRWKCCKK","0","0","50","50","CCTTSSCSCC"
"antitb_1146","RWRWKCCKK","0","0","77.8","22.2","CCCCCSSCC"
"antitb_1147","KMDCRWRWKCKK","0","0","58.3","41.7","CCCTTCSSSCCC"
"antitb_1148","KMDCRWRWKKK","0","0","45.5","54.5","CCCSSSSCTTC"
"antitb_1149","KMDRWRWKKK","0","0","50","50","CTTCCSSSCC"
"antitb_1150","KDCRWRWKCCKK","0","0","41.7","58.3","CTTTSCSSSCCC"
"antitb_1151","KCRWRWKCCKK","27.3","0","36.4","36.4","CGGGCSSSSCC"
"antitb_1152","KRWRWKCCKK","0","20","50","30","CCCBSSSBCC"
"antitb_1153","CRWRWKCSKK","0","20","40","40","CBSSSBCSCC"
"antitb_1154","SRWRWKCCKK","0","0","50","50","CCSSSCCTTC"
"antitb_1155","SRWRWKCSKK","0","0","80","20","CCCCCCSSCC"
"antitb_1156","SRWRWKSCKK","0","0","40","60","CCSSSSSSCC"
"antitb_1157","CRWRWKSSKK","0","0","80","20","CCCCCCSSCC"
"antitb_1158","SRWRWKSSKK","0","0","70","30","CCSSCCSCCC"
"antitb_1159","CRFRWKCCKK","30","0","40","30","CGGGTTSCCC"
"antitb_1160","CRWRFKCCKK","0","0","80","20","CCCCCCCTTC"
"antitb_1161","CRFRFKCCKK","0","0","100","0","CCCCCCCCCC"
"antitb_1162","crwrwkcckk","0","0","80","20","CCCCSSCCCC"
"antitb_1163","KCCKWRWRCK","0","20","40","40","CCCSBTTTBC"
"antitb_1164","kcckwrwrck","0","0","60","40","CCCSTTCSCC"
"antitb_1165","CrWRWKCCKK","0","0","70","30","CCSCCTTCCC"
"antitb_1166","CRwRWKCCKK","0","0","40","60","CCSSSSCTTC"
"antitb_1167","CRWrWKCCKK","0","0","70","30","CCCCCSSSCC"
"antitb_1168","CRWRwKCCKK","0","0","40","60","CCTTTTSSCC"
"antitb_1169","CrwrwKCCKK","0","0","50","50","CCTTSTTCCC"
"antitb_1170","CRWRWKCGCKK","0","0","54.5","45.5","CCCCSSCSTTC"
"antitb_1171","KCGCRWRWKCGCKK","0","0","71.4","28.6","CCSSCCCCCSSCCC"
"antitb_1172","CRWRWKCG","0","0","100","0","CCCCCCCC"
"antitb_1173","KMDCRWRWKCSKK","0","0","30.8","69.2","CCSSSSSSSSSCC"
"antitb_1174","KMDCRWRWKSCKK","0","0","53.8","46.2","CCCCCTTTTTSCC"
"antitb_1175","KMDSRWRWKCCKK","0","0","61.5","38.5","CCCSSCCCTTSCC"
"antitb_1176","KMDCRWRWKSSKK","0","0","76.9","23.1","CCCCCCTTSCCCC"
"antitb_1177","KMDSRWRWKSSKK","0","0","53.8","46.2","CCCSSCCTTSSCC"
"antitb_1178","KMDSRWRWKSCKK","0","0","38.5","61.5","CCCSSSSSSSSCC"
"antitb_1179","KMDSRWRWKCSKK","0","0","38.5","61.5","CCCSSSSSSSSCC"
"antitb_1180","KMDCRWRPKCCKK","0","15.4","38.5","46.2","CBCSSSBCSSSCC"
"antitb_1181","KMDCRPRPKCCKK","0","0","53.8","46.2","CCTTCCCSTTTCC"
"antitb_1182","RQIKIWFQNRRMKWKK","37.5","0","31.2","31.2","CCCSSHHHHHHSSSCC"
"antitb_1183","rkkrrqrrr","0","0","55.6","44.4","CCCSSSSCC"
"antitb_1184","rrrqrrkkr","44.4","0","22.2","33.3","CGGGGTTTC"
"antitb_1185","rrrrrrrr","0","0","100","0","CCCCCCCC"
"antitb_1186","RKKRRRESRKKRRRES","50","0","25","25","CGGGGSTHHHHTTCCC"
"antitb_1187","GRPRESGKKRKRKRLKP","0","0","47.1","52.9","CCCCTTSSSTTTTCCCC"
"antitb_1188","GKRKKKGKLGKKRDP","0","0","60","40","CCCCCSSCCSSTTCC"
"antitb_1189","GKRKKKGKLGKKRPRSR","0","0","52.9","47.1","CTTSCCSSCSSCCSCCC"
"antitb_1190","RKKRRRESRRARRSPRHL","44.4","0","33.3","22.2","CGGGGTTHHHHTTCCCCC"
"antitb_1191","SRRARRSPRESGKKRKRKR","15.8","0","36.8","47.4","CCSCCSSSSSSSCGGGSCC"
"antitb_1192","VKRGLKLRHVRPRVTRMDV","0","21.1","31.6","47.4","CEESSSEECCTTTSCCTTC"
"antitb_1193","SRRARRSPRHLGSG","0","14.3","42.9","42.9","CCSSCSBTTBCSCC"
"antitb_1194","LRRERQSRLRRERQSR","68.8","0","25","6.2","CCHHHHHHHHHHHTCC"
"antitb_1195","GAYDLRRRERQSRLRRRERQSR","86.4","0","13.6","0","CCHHHHHHHHHHHHHHHHHHHC"
"antitb_1196","GRKKRRQRRRPPQ","0","0","53.8","46.2","CCTTSCCSSCSCC"
"antitb_1197","VPMLK","60","0","40","0","CGGGC"
"antitb_1198","VPTLK","0","0","80","20","CCSCC"
"antitb_1199","VPALR","0","0","40","60","CTTTC"
"antitb_1200","VSALK","60","0","40","0","CGGGC"
"antitb_1201","PMLKE","0","0","80","20","CCSCC"
"antitb_1202","VPALK","60","0","40","0","CGGGC"
"antitb_1203","VSLKK","0","0","40","60","CTTTC"
"antitb_1204","VSGKK","0","0","60","40","CTTCC"
"antitb_1205","KLPVM","0","0","100","0","CCCCC"
"antitb_1206","IPMIK","0","0","60","40","CTTCC"
"antitb_1207","KLGVM","0","0","60","40","CTTCC"
"antitb_1208","KLPVT","0","0","80","20","CCSCC"
"antitb_1209","VPMIK","0","0","60","40","CCTTC"
"antitb_1210","IPALK","0","0","40","60","CTTTC"
"antitb_1211","IPMLK","0","0","80","20","CCSCC"
"antitb_1212","VPTLQ","0","0","100","0","CCCCC"
"antitb_1213","QLPVM","0","0","100","0","CCCCC"
"antitb_1214","ELPVM","0","0","80","20","CCSCC"
"antitb_1215","VPTLE","0","0","80","20","CCSCC"
"antitb_1216","vptlk","0","0","80","20","CCSCC"
"antitb_1217","RRRRRRRR","0","0","75","25","CCSCSCCC"
"antitb_1218","AYRIKPTFRRLKWKYKGKFW","35","0","60","5","CCCCCCCHHHHHHHSCCCCC"
"antitb_1219","HARIKPTFRRLKWKYKGKFW","0","0","45","55","CCCCCCSSSSSCSSCSSTTC"
"antitb_1220","HYRIKPTARRLKWKYKGKFW","0","0","60","40","CTTCCCSTTTCCSSCCCCCC"
"antitb_1221","HYRIKPTFRRLAWKYKGKFW","30","0","40","30","CCCCCHHHHHHTSSCSSSCC"
"antitb_1222","HYRIKPTFRRLKWKYKGKFA","20","0","60","20","CCCSSGGGGTCCCCCCCSCC"
"antitb_1223","VNADIKATTVFGGKYVSLTTP","0","0","66.7","33.3","CCCSCSCSSCCTTCCCSCCCC"
"antitb_1224","GKYVSLTTPKNPTKRRITPKDV","0","0","63.6","36.4","CCCCCTTSCCSTTCCCCCSSCC"
"antitb_1225","TKRRITPKDVIDVRSVTTEINT","0","0","50","50","CTTCSSSCCCSCSSSSCCSCCC"
"antitb_1226","RSVTTEINTLFQTLTSIAEKVDP","30.4","0","34.8","34.8","CCSSSCCHHHHHHHTCSSSCSCC"
"antitb_1227","AEKVDPVKLNLTLSAAAEALTGLGDK","30.8","0","26.9","42.3","CCCCCHHHHTTSTTTTTTTTHHHHCC"
"antitb_1228","GLGDKFGESIVNANTVLDDLNSRMPQSRHDIQQL","94.1","0","5.9","0","CHHHHHHHHHHHHHHHHHHHHHHHHHHHHHHHHC"
"antitb_1229","GDVYADAAPDLFDFLDSSVTTARTINA","0","7.4","44.4","48.1","CCSSSCCCCCBTTTTBTTTTSSCCCCC"
"antitb_1230","ARTINAQQAELDSALLAAAGFGNTTADVFDRG","78.1","0","18.8","3.1","CHHHHHHHHHHHHHHHHHHCSCCCHHHHHHHC"
"antitb_1231","ADVFDRGGPYLQRGVADLVPTATLLDTYSP","10","0","30","60","CCSSSTTSSSCTTTSCCCSGGGTSCTTTCC"
"antitb_1232","LDTYSPELFCTIRNFYDADRPDRGAAA","0","0","29.6","70.4","CCSSSCSTTTTTTCSCCSSCSSTTTTC"
"antitb_1233","TKRRITPKDVIDVRSVTTEINT","0","0","50","50","CTTCSSSCCCSCSSSSCCSCCC"
"antitb_1234","TKRRITPDDVIDVRSVTTEINT","0","0","45.5","54.5","CCCSSSCCCSSSSSSSSCCSCC"
"antitb_1235","TKRRITPKKVIDVRSVTTEINT","0","9.1","36.4","54.5","CTTSCCBSSSBCCSSCSSSSCC"
"antitb_1236","TKRRITPKDVIDVRSVTTKINT","13.6","0","40.9","45.5","CGGGSSSCSSSCCCCCSSSSCC"
"antitb_1237","TKRRITPKDVIDV","0","0","46.2","53.8","CTTTTSCCSSCCC"
"antitb_1238","TKRRITPKDVIDVESVTTEINT","0","0","54.5","45.5","CCCCSCSSCSCSSCSSSSCCCC"
"antitb_1239","TARRITPKDVIDVRSVTTEINT","0","0","40.9","59.1","CCSCCCSSCSSSSSSSTTCSCC"
"antitb_1240","TKAARITPKDVIDVRSVTTEINT","0","8.7","60.9","30.4","CCCSSSSCBCCCCSSCCCCBSCC"
"antitb_1241","HHHHHHTKRRITPKDVIDVRSVTTEINT","0","7.1","42.9","50","CCSTTCSSCSSBTTBCCSSCSSCCCSCC"
"antitb_1242","KLWMRWYSPTTRRYG","0","0","73.3","26.7","CCCCCCCCCTTTSCC"
"antitb_1243","DSLKSYWYLQKFSWR","0","0","46.7","53.3","CCCSSSTTSTTCCCC"
"antitb_1244","RTLVNEYKNTLKFSK","26.7","0","33.3","40","CCCHHHHTTTTTTCC"
"antitb_1245","IPSRWKDQFWKRWHY","60","0","20","20","CHHHHTTHHHHHTCC"
"antitb_1246","GYGNCRHFKQKPRRD","0","0","60","40","CTTSCCCCSSSCCCC"
"antitb_1247","KNAWKHSSCHHRHQI","0","0","60","40","CCSCCCSSSCCCTTC"
"antitb_1248","RVREWWYTITLKQES","0","0","73.3","26.7","CCSCCCCCCSSCSCC"
"antitb_1249","QQHLLIAINGYPRYN","0","0","60","40","CCCCSSCCCSSCTTC"
"antitb_1250","WKCRRQCFRVLHHWN","0","0","40","60","CCSSSTTTTSSCCCC"
"antitb_1251","RLWMRWYSPTTRRYG","0","0","33.3","66.7","CCSSCSSTTSTTSCC"
"antitb_1252","KLWMRWYSATTRRYG","26.7","0","46.7","26.7","CCCSSGGGGTCCSCC"
"antitb_1253","KLWMRWYSPWTRRYG","0","0","40","60","CCSSSSSCSSCSSCC"
"antitb_1254","RLWMRWYSPWTRRYG","0","0","66.7","33.3","CCCCCCCCSTTSSCC"
"antitb_1255","RLWMRWYSPWTRRWG","0","0","66.7","33.3","CCCCCCCSTTTCSCC"
"antitb_1256","ALWMRWYSPTTRRYG","26.7","0","46.7","26.7","CCSCCCSSHHHHTCC"
"antitb_1257","RAWMRWYSPTTRRYG","20","0","33.3","46.7","CCSSSCSSGGGSSCC"
"antitb_1258","RLAMRWYSPTTRRYG","0","0","53.3","46.7","CCSSCCSSCTTTCCC"
"antitb_1259","RLWARWYSPTTRRYG","0","0","53.3","46.7","CCSSSSSCSSCCCCC"
"antitb_1260","RLWMAWYSPTTRRYG","0","0","53.3","46.7","CCCSSCCCSSTTSCC"
"antitb_1261","RLWMRAYSPTTRRYG","0","13.3","26.7","60","CCBSSSSSSBTTTCC"
"antitb_1262","RLWMRWASPTTRRYG","26.7","0","46.7","26.7","CCCCCSSSHHHHSCC"
"antitb_1263","RLWMRWYAPTTRRYG","0","26.7","40","33.3","CCCEESSTTSCEECC"
"antitb_1264","RLWMRWYSPATRRYG","0","0","73.3","26.7","CCCCCCCCTTTTCCC"
"antitb_1265","RLWMRWYSPTARRYG","0","0","46.7","53.3","CCSTTCCCTTTTTCC"
"antitb_1266","RLWMRWYSPTTARYG","0","0","46.7","53.3","CCCSCSSSSSCSSCC"
"antitb_1267","RLWMRWYSPTTRAYG","0","0","66.7","33.3","CCCCCTTSSSCCCCC"
"antitb_1268","RLWMRWYSPTTRRAG","0","0","60","40","CCCCCSSSCCSSSCC"
"antitb_1269","RLWMRWYSPTTRRYA","0","0","60","40","CCCCCCSSSCSSSCC"
"antitb_1270","RLLMRLYSPTTRRYG","26.7","0","40","33.3","CCSSSCSSCHHHHCC"
"antitb_1271","RLFMRFYSPTTRRYG","20","0","53.3","26.7","CCCTTCCCGGGSSCC"
"antitb_1272","RLIMRIYSPTTRRYG","0","0","60","40","CCCCCCSCTTTTTCC"
"antitb_1273","RLVMRVYSPTTRRYG","0","0","86.7","13.3","CCCCCCSSCCCCCCC"
"antitb_1274","RLYMRYYSPTTRRYG","0","0","53.3","46.7","CCCCSSSSTTSCCCC"
"antitb_1275","YGRKKKRRQRRR","33.3","0","33.3","33.3","CCCTTHHHHTTC"
"antitb_1276","LLIILRRRIRKQAHAHSK","44.4","0","16.7","38.9","CCSSSTTHHHHHSSGGGC"
"antitb_1277","ALIILRRRIRKQAHAHSK","55.6","0","33.3","11.1","CCSCCGGGHHHHHHHSCC"
"antitb_1278","LAIILRRRIRKQAHAHSK","61.1","0","16.7","22.2","CHHHHHHHHHHHTTCTTC"
"antitb_1279","LLAILRRRIRKQAHAHSK","61.1","0","16.7","22.2","CHHHHHHHHHHHTTTSCC"
"antitb_1280","LLIALRRRIRKQAHAHSK","61.1","0","22.2","16.7","CCHHHHHHHHHHHTTTCC"
"antitb_1281","LLIIARRRIRKQAHAHSK","38.9","0","22.2","38.9","CTTTCHHHHHHHTTTTCC"
"antitb_1282","LLIILARRIRKQAHAHSK","44.4","0","38.9","16.7","CCCCCHHHHHHHHTSSCC"
"antitb_1283","LLIILRARIRKQAHAHSK","50","0","22.2","27.8","CTTTCHHHHHHHHHTTCC"
"antitb_1284","LLIILRRAIRKQAHAHSK","55.6","0","22.2","22.2","CCSHHHHHHHHHHTTSCC"
"antitb_1285","LLIILRRRARKQAHAHSK","66.7","0","33.3","0","CCCCCGGGHHHHIIIIIC"
"antitb_1286","LLIILRRRIARKQAHAHSK","42.1","0","26.3","31.6","CCSSCHHHHHHHHTTTTCC"
"antitb_1287","LLIILRRRIRAQAHAHSK","55.6","0","38.9","5.6","CCCCCGGGHHHHHHHTCC"
"antitb_1288","LLIILRRRIRKAAHAHSK","66.7","0","16.7","16.7","CHHHHHHHHHHHHTSSCC"
"antitb_1289","LLIILRRRIRKQaHAHSK","38.9","0","27.8","33.3","CCCSSGGGHHHHTTTTCC"
"antitb_1290","LLIILRRRIRKQAAAHSK","61.1","0","16.7","22.2","CHHHHHHHHHHHTTTTCC"
"antitb_1291","LLIILRRRIRKQAHaHSK","38.9","0","16.7","44.4","CTTTTHHHHHHHSSSSCC"
"antitb_1292","LLIILRRRIRKQAHAASK","27.8","0","27.8","44.4","CCCSCTTTHHHHHTTTTC"
"antitb_1293","LLIILRRRIRKQAHAHAK","50","0","22.2","27.8","CCTTHHHHHHHHHTTTCC"
"antitb_1294","LLIILRRRIRKQAHAHSA","50","0","27.8","22.2","CCSHHHHHHHHHSTTCCC"
"antitb_1295","KSHAHAQKRIRRRLIILL","16.7","0","38.9","44.4","CCCTTTTTTGGGTCCSCC"
"antitb_1296","lliilrrrirkqahahsk","44.4","0","22.2","33.3","CCTTHHHHHHHHSSSSCC"
"antitb_1297","RRIRPRP","0","0","100","0","CCCCCCC"
"antitb_1298","RRIRPRPPRLPRPRP","0","0","73.3","26.7","CCCCCCCTTTTCCCC"
"antitb_1299","RRIRPRPPRLPRPRPRPLPFPRPG","0","0","70.8","29.2","CCCCCCCSCCSSCSSCCSSCCCCC"
"antitb_1300","RRIRPRPPRLPRPRPRP","0","0","70.6","29.4","CCSCCCCCCTTSSCCCC"
"antitb_1301","PRPPRLPRPRPRPLPFPRPG","0","0","70","30","CCCSCCCCSSCCSSCSCCCC"
"antitb_1302","PPRLPRPRPRPLPFPRPG","0","0","55.6","44.4","CTTSCCCSSSSSCCCCCC"
"antitb_1303","RLPRPRPRPLPFPRPG","0","12.5","62.5","25","CCCBSSSSCBCCCCCC"
"antitb_1304","PRPRPRPLPFPRPG","0","0","64.3","35.7","CCSSCSSSCCCCCC"
"antitb_1305","PRPRPLPFPRPG","0","0","83.3","16.7","CCCCSSCCCCCC"
"antitb_1306","PRPLPFPRPG","0","0","70","30","CCCSSSCCCC"
"antitb_1307","RKKRRQRRR","0","0","88.9","11.1","CCCCCSCCC"
"antitb_1308","RQGAARVTSWLGRQLRIAGKRLEGRSK","14.8","0","37","48.1","CCSSSSSTHHHHSSCTTSSCCCCSCCC"
"antitb_1309","RVTSWLGRQLRIAGKRLEGRSK","36.4","0","27.3","36.4","CCTHHHHTTHHHHTCCCSTTTC"
"antitb_1310","GRQLRIAGKRLEGRSK","0","0","56.2","43.8","CCCCCCSTTSSCSSCC"
"antitb_1311","RRVTSWLGRQLRIAGKRLEGRSK","21.7","0","26.1","52.2","CCSSSTTTHHHHHSSSCCCSTTC"
"antitb_1312","RVRSWLGRQLRIAGKRLEGRSK","31.8","0","45.5","22.7","CCCCSSTTHHHHSCCCCGGGCC"
"antitb_1313","GRQLRIAGKRLRGRSK","0","0","75","25","CCCCCCCTTTSCCCCC"
"antitb_1314","GRQLRIAGRRLRGRSR","0","0","68.8","31.2","CCCCCCCSSSSSCCCC"
"antitb_1315","GRQLRRAGRRLRGRSR","25","0","43.8","31.2","CTTHHHHCCSSSCCCC"
"antitb_1316","GRQLRIAGRRLRRRSR","25","0","62.5","12.5","CCCCCCCHHHHTTCCC"
"antitb_1317","GRQLRRAGRRLRRRSR","75","0","25","0","CHHHHHHHHHHHHCCC"
"antitb_1318","RQLRIAGRRLRGRSR","0","0","73.3","26.7","CCCCCCCSCCSSSCC"
"antitb_1319","rsrgrlrrgairlqrg","0","0","50","50","CCCTTSSCSCCCSTTC"
"antitb_1320","KLIKGRTPIKFGKADCDRPPKHSQNGMGK","0","6.9","37.9","55.2","CCCCCSCSSCBTTTBSCCSSTTSTTSSCC"
"antitb_1321","KLIKGRTPIKFGKADCDRPPKHSQNGM","0","7.4","48.1","44.4","CCCCSSCSCCSSSCCCSSCTBCSSSBC"
"antitb_1322","KLIKGRTPIKFGKADCDRPPKHSQNGK","0","0","40.7","59.3","CCSSSSSCCCCSCCCCSSSSSSSSTTC"
"antitb_1323","KGRTPIKFGKADCDRPPKHSQNGMGK","0","0","50","50","CCSCSSCCSSCCCCSTTSCSCTTSCC"
"antitb_1324","KLIKGRTPIKFGKADCDRPPKHSGK","0","0","44","56","CCCCSSCCCSSSSSCCSSSTTCTTC"
"antitb_1325","KLIKGRTPIKFGKARCRRPPKHSGK","0","16","52","32","CCSCCCCSCCEECSSCEECTTCTTC"
"antitb_1326","KLIKGRTPIKFGK","0","0","84.6","15.4","CCCCCCCCSCSCC"
"antitb_1327","KRIPNKKPGKKTTTKPTKKPTIKTTKKDLKPQTTKPK","0","0","59.5","40.5","CCCCCCSCSSCCCCCCTTTTTSSSCTTTTCCCCCCCC"
"antitb_1328","KRIPNKKPGKKTTTKPTKKPTIKTTKKDLK","0","10","46.7","43.3","CCCCTTSSCSCSSCSTBBCSSSSCBCCCCC"
"antitb_1329","KRIPNKKPGKKTTTKPTKKPTIKTTKK","0","0","59.3","40.7","CCCCSSSCSSCSCCSSSSCCCCCSCCC"
"antitb_1330","KRIPNKKPGKKTTTKPTKKPTIK","0","8.7","52.2","39.1","CCCCSSSCCCSCCCSSSBTTBCC"
"antitb_1331","KRIPNKKPGKKTTTKPTKK","0","0","84.2","15.8","CCCCSSCSCCCCCCCCCCC"
"antitb_1332","KRIPNKKPGKKT","0","0","66.7","33.3","CCCCCSSSCSCC"
"antitb_1333","KRIPNKKPGKK","0","0","54.5","45.5","CCCCSSSSSCC"
"antitb_1334","KRIPNKKPKK","0","0","50","50","CCSCSSSSCC"
"antitb_1335","RRIPNRRPRR","0","0","40","60","CCCSSSSTTC"
"antitb_1336","KKPGKKTTTKPTKKPTIKTTKK","0","0","68.2","31.8","CCSCCCSTTSCCCCSCSCCCCC"
"antitb_1337","KKPGKKTTTKPTKK","0","0","64.3","35.7","CCCSCCCSSSSCCC"
"antitb_1338","KKPTIKTTKK","0","0","70","30","CCCSSSCCCC"
"antitb_1339","KKTTTKPTKK","0","0","60","40","CCSSSSCCCC"
"antitb_1340","KSICKTIPSNKPKKK","0","0","60","40","CCCSSSSSCSCCCCC"
"antitb_1341","KTIPSNKPKKK","0","0","63.6","36.4","CCCCSSSCSCC"
"antitb_1342","KPRSKNPPKKPK","0","0","50","50","CCCSSTTTSCCC"
"antitb_1343","DRDDRDDRDDRDDRDDR","0","11.8","47.1","41.2","CCCSSCSSSCCBTTBCC"
"antitb_1344","ERERERERERERER","57.1","0","21.4","21.4","CCGGGTTTHHHHHC"
"antitb_1345","WRWRWRWRWRWRWR","0","0","92.9","7.1","CCCCCCCCCCCSCC"
"antitb_1346","DRDRDRDRDR","50","0","50","0","CCCCHHHHHC"
"antitb_1347","GALFLGFLGAAGSTMGAWSQPKKKRKV","14.8","7.4","37","40.7","CCCCCGGGGTSSBCCSSSSSTTCSBCC"
"antitb_1348","DRRRRGSRPSGAERRRRRAAAA","31.8","0","36.4","31.8","CCSCCSSCCSHHHHHHHTSSCC"
"antitb_1349","DRRRRGSRPSGAERRRR","17.6","0","41.2","41.2","CGGGCCSSSCSSCSSCC"
"antitb_1350","QTRRRERRAEKQAQW","73.3","0","20","6.7","CCGGGGGGGHHHHTC"
"antitb_1351","RRRERRAEK","0","0","44.4","55.6","CCSTTTSCC"
"antitb_1352","NRARRNRRRVR","0","0","45.5","54.5","CCSTTCCTTTC"
"antitb_1353","RTRRNRRRVR","0","0","80","20","CCTTCCCCCC"
"antitb_1354","RNRSRHRR","37.5","0","50","12.5","CCGGGTCC"
"antitb_1355","KCPSRRPKR","0","0","66.7","33.3","CCTTSCCCC"
"antitb_1356","KRPAAIKKAGQAKKKK","50","0","25","25","CCCTTHHHHTTHHHHC"
"antitb_1357","TRRSKRRSHRKF","0","16.7","33.3","50","CCSBTTBSSSCC"
"antitb_1358","RAGLQFPVGRVHRLLRK","23.5","0","35.3","41.2","CCTTSCCCSSSHHHHTC"
"antitb_1359","MVRRFLVTLRIRRACGPPRVRV","13.6","0","40.9","45.5","CGGGCCCSSCCTTSCSSSSSCC"
"antitb_1360","FVTRGCPRRLVARLIRVMVPRR","63.6","0","22.7","13.6","CGGGTSCHHHHHHHHHHHSCCC"
"antitb_1361","VRRFLVTLRIRRA","23.1","0","53.8","23.1","CCCSCCSSCGGGC"
"antitb_1362","RVRILARFLRTRV","61.5","0","38.5","0","CCCCHHHHHHHHC"
"antitb_1363","RVRVFVVHIPRLT","0","0","76.9","23.1","CCCCCSCCCTTCC"
"antitb_1364","VIRVHFRLPVRTV","0","0","61.5","38.5","CCCCCCSSSSSCC"
"antitb_1365","MVRRFLVTLRIRRACGPPRVRVFVVHIPRLTGEWAAP","35.1","27","18.9","18.9","CHHHHHHHHHHHHHSCTTTCCCEEEEETTEEEEESCC"
"antitb_1366","FRVPLRIRPCVVAPRLVMVRHTFGRIARWVAGPLETR","24.3","10.8","37.8","27","CEECCCCSSCCCSSCCEETTTHHHHHHHHHCSCSSCC"
"antitb_1367","AGYLLGKINLKALAALAKKIL","33.3","0","33.3","33.3","CCCCCTTSCTHHHHHHHTTTC"
"antitb_1368","GTKMIFVGIKKKEERADLIAYLKKA","28","0","56","16","CCSCCSCSCCCCCCCCHHHHHHHTC"
"antitb_1369","KKKEERADLIAYLKKA","0","0","25","75","CCTTTTTTTTCTTTTC"
"antitb_1370","KMIFVGIKKKEERA","0","0","57.1","42.9","CCSCCSCCSSSSCC"
"antitb_1371","KMIFVGIKKK","0","0","90","10","CCCCCSCCCC"
"antitb_1372","EKGKKIFIMK","30","0","50","20","CGGGSCCSCC"
"antitb_1373","KGKKIFIMK","0","0","77.8","22.2","CCCCSSCCC"
"antitb_1374","RRRRNRTRRNRRRVRGC","0","0","35.3","64.7","CTTTCSSSSCCSSSSCC"
"antitb_1375","TRRQRTRRARRNRGC","26.7","0","33.3","40","CCTTHHHHTTTCSCC"
"antitb_1376","KMTRAQRRAAARRNRWTARGC","28.6","0","42.9","28.6","CCCTHHHHHHTTTCCCCSSCC"
"antitb_1377","KLTRAQRRAAARKNKRNTRGC","47.6","0","28.6","23.8","CCCTTTHHHHHHHTSGGGCCC"
"antitb_1378","NAKTRRHERRRKLAIERGC","57.9","0","15.8","26.3","CCSHHHHHHHTTHHHHTTC"
"antitb_1379","MDAQTRRRERRAEKQAQWKAANGC","62.5","0","16.7","20.8","CCTTTHHHHHHHHHHHTHHHHTCC"
"antitb_1380","TAKTRYKARRAELIAERRGC","80","0","20","0","CHHHHGGGHHHHHHHHHCCC"
"antitb_1381","KRRIRRERNKMAAAKSRNRRRELTDTGC","17.9","0","32.1","50","CTTHHHHHTCCCCSSSSCSSSSTTSCCC"
"antitb_1382","RIKAERKRMRNRIAASKSRKRKLERIARGC","53.3","0","20","26.7","CCTHHHHHHHHHHHTTTGGGGGTTSCSCCC"
"antitb_1383","KRARNTEAARRSRARKLQRMKQGC","58.3","4.2","29.2","8.3","CCCCCSGGGTHHHHHHHHHHHBCC"
"antitb_1384","KCFQWQRNMRKVRGPPVSCIKR","50","0","18.2","31.8","CCHHHHHHHHTTTSCTTSGGGC"
"antitb_1385","KCFQWQRNMRKVRGPPVSC","0","0","26.3","73.7","CCSSCSSTTTTTTSSTTCC"
"antitb_1386","KCFQWQRNMRKVRGPPVSSIKR","13.6","0","54.5","31.8","CCCGGGTSSCCCCSSCCCSSCC"
"antitb_1387","KCFQWQRNMRKVR","30.8","0","53.8","15.4","CCCHHHHTCCSCC"
"antitb_1388","FQWQRNMRKVRGPPVS","25","0","25","50","CHHHHSSSCSSSSSCC"
"antitb_1389","QWQRNMRKVRGPPVSCIKR","15.8","0","26.3","57.9","CCTTTTTTCSSSSCSGGGC"
"antitb_1390","QWQRNMRKVR","50","0","40","10","CHHHHHSCCC"
"antitb_1391","RRRRRRRRR","55.6","0","44.4","0","CGGGGGCCC"
"antitb_1392","RQIKIWFQNRRMKWKK","37.5","0","31.2","31.2","CCCSSHHHHHHSSSCC"
"antitb_1393","KCFMWQEMLNKAGVPKLRCARK","22.7","0","36.4","40.9","CCCCHHHHHTTTTSCSSSSCCC"
"antitb_1394","KETWWETWWTEWSQPKKKRKV","33.3","0","38.1","28.6","CCCCGGGTGGGGTCCSTTSCC"
"antitb_1395","KETWFETWFTEWSQPKKKRKV","0","9.5","52.4","38.1","CCBTTBCCTTSCCCCCSSSCC"
"antitb_1396","KWFETWFTEWPKKRK","26.7","0","40","33.3","CCGGGGTSCCTTSCC"
"antitb_1397","GLWRALWRLLRSLWRLLWRA","75","0","10","15","CTHHHHHHHHHHHHHHHTTC"
"antitb_1398","GLWWRLWWRLRSWFRLWFRA","55","0","15","30","CCSSTHHHHHHHHHHHTTTC"
"antitb_1399","DAATATRGRSAASRPTQRPRAPARSASRPRRPVE","14.7","0","38.2","47.1","CHHHHHSSCSSSCCCCSCCCTTSTTTTCSCSSCC"
"antitb_1400","GALFLGFLGAAGSTMGAWSQPKKKRKV","14.8","7.4","37","40.7","CCCCCGGGGTSSBCCSSSSSTTCSBCC"
"antitb_1401","GALFLGFLGAAGSTMGAWSQPKSKRKV","14.8","0","29.6","55.6","CCCSSGGGGTTTTTCSTTTSSSCSCCC"
"antitb_1402","AKVKDEPQRRSARLSAKPAPPKPEPKPKKAPAKK","32.4","0","32.4","35.3","CCTTCHHHHHHHHHHHCCCSSSSCSCSCSCTTTC"
"antitb_1403","PLSSIFSRIGDP","0","0","41.7","58.3","CCTTSSCSSSCC"
"antitb_1404","PSSSSSSRIGDP","0","0","33.3","66.7","CTTSSCTTTTCC"
"antitb_1405","vrlpppvrlpppvrlppp","0","0","61.1","38.9","CCCSSSSCSCCSSCCCCC"
"antitb_1406","VELPPPVELPPPVELPPP","0","0","72.2","27.8","CCCCCSCCSTTTCCCCCC"
"antitb_1407","ALWMTLLKKVLKAAAKAALNAVLVGANA","64.3","0","14.3","21.4","CCHHHHHHHHHHHHHHHTTGGGSSSSCC"
"antitb_1408","ALWKTLLKKVLKA","0","0","38.5","61.5","CCCTTTSSSSSCC"
"antitb_1409","ALWKTLLKKVLKAPKKKRKV","20","0","25","55","CCTTTTHHHHTTSCTTTSCC"
"antitb_1410","PKKKRKVALWKTLLKKVLKA","55","0","20","25","CCTTTTHHHHHHHHHHHSCC"
"antitb_1411","VKRKKKPALWKTLLKKVLKA","35","0","35","30","CCSSSCCSTHHHHHHHCSCC"
"antitb_1412","RQARRNRRRALWKTLLKKVLKA","72.7","0","9.1","18.2","CTHHHHHHHHHHHHHHHHTTTC"
"antitb_1413","RQARRNRRRC","30","0","60","10","CGGGTCCCCC"
"antitb_1414","GRKKRRQRRRPPQC","0","0","71.4","28.6","CCTTCCCCCCSSCC"
"antitb_1415","EEEAAGRKRKKRT","38.5","0","53.8","7.7","CIIIIICCCCSCC"
"antitb_1416","EEE","0","0","100","0","CCC"
"antitb_1417","EEEAA","0","0","80","20","CCSCC"
"antitb_1418","EEEAAKKK","50","0","25","25","CHHHHTTC"
"antitb_1419","GRKRKKRT","0","0","62.5","37.5","CCCTTSCC"
"antitb_1420","FFFAAGRKRKKRT","0","0","53.8","46.2","CCSSSTTSCCCCC"
"antitb_1421","NNNAAGRKRKKRT","0","0","53.8","46.2","CCCSSSSSSCCCC"
"antitb_1422","YYYAAGRKRKKRT","0","0","69.2","30.8","CCCTTTSCCCCCC"
"antitb_1423","MVTVLFRRLRIRRACGPPRVRV","27.3","0","18.2","54.5","CTTTTGGGGGGTTSCSSTTTCC"
"antitb_1424","RQIKIWFQNRRMKWKK","37.5","0","31.2","31.2","CCCSSHHHHHHSSSCC"
"antitb_1425","AGYLLGKINLKALAALAKKIL","33.3","0","33.3","33.3","CCCCCTTSCTHHHHHHHTTTC"
"antitb_1426","VQRKRQKLMP","40","0","40","20","CHHHHTSCCC"
"antitb_1427","SKKKKTKV","0","0","100","0","CCCCCCCC"
"antitb_1428","GRKRKKRT","0","0","62.5","37.5","CCCTTSCC"
"antitb_1429","GKKKKRKREKL","63.6","0","36.4","0","CHHHHHHHCCC"
"antitb_1430","PKKKRKV","0","0","100","0","CCCCCCC"
"antitb_1431","ERKKRRRE","0","0","75","25","CCTTCCCC"
"antitb_1432","FKKFRKF","0","0","42.9","57.1","CTTTSCC"
"antitb_1433","LGTYTQDFNKFHTFPQTAIGVGAP","16.7","0","33.3","50","CCSCSSCSSSCTTSGGGGTCSSCC"
"antitb_1434","LGTYTQDFNKFHTFPQTAIGVGAP","16.7","0","33.3","50","CCSCSSCSSSCTTSGGGGTCSSCC"
"antitb_1435","YTQDFNKFHTFPQTAIGVGAP","38.1","0","42.9","19","CCSCSSCCCSCHHHHHHHHCC"
"antitb_1436","DFNKFHTFPQTAIGVGAP","0","22.2","44.4","33.3","CCSSCSCCCEETTEESCC"
"antitb_1437","KFHTFPQTAIGVGAP","0","0","53.3","46.7","CCCSSSCSSCSSCCC"
"antitb_1438","TFPQTAIGVGAP","0","0","58.3","41.7","CCCCCSSSSSCC"
"antitb_1439","GYGRKKRRQRRRG","30.8","0","53.8","15.4","CCCCGGGGTTCCC"
"antitb_1440","GYGRKKRRQRRRG","30.8","0","53.8","15.4","CCCCGGGGTTCCC"
"antitb_1441","GYGRKKRRQRRRG","30.8","0","53.8","15.4","CCCCGGGGTTCCC"
"antitb_1442","RQIKIWFQNRRMKWKK","37.5","0","31.2","31.2","CCCSSHHHHHHSSSCC"
"antitb_1443","RQIKIWFQNRRMKWKK","37.5","0","31.2","31.2","CCCSSHHHHHHSSSCC"
"antitb_1444","RQIKIWFQNRRMKWKK","37.5","0","31.2","31.2","CCCSSHHHHHHSSSCC"
"antitb_1445","FLGKKFKKYFLQLLK","60","0","20","20","CTTTHHHHHHHHHCC"
"antitb_1446","FLIFIRVICIVIAKLKANLMCKT","43.5","0","17.4","39.1","CCSSSCTTHHHHHHHHHHTTTTC"
"antitb_1447","KKAAQIRSQVMTHLRVI","47.1","0","29.4","23.5","CCGGGGHHHHTTTCSCC"
"antitb_1448","YIVLRRRRKRVNTKRS","18.8","0","50","31.2","CCCSSTTGGGCCCSCC"
"antitb_1449","RRKLSQQKEKK","0","0","54.5","45.5","CCSCCTTTSCC"
"antitb_1450","VQAILRRNWNQYKIQ","26.7","0","20","53.3","CTTTHHHHSCTTTTC"
"antitb_1451","KTVLLRKLLKLLVRKI","87.5","0","12.5","0","CHHHHHHHHHHHHHHC"
"antitb_1452","LLKKRKVVRLIKFLLK","43.8","0","43.8","12.5","CCCCSCSHHHHHHHCC"
"antitb_1453","KLPCRSNTFLNIFRRKKPG","0","0","36.8","63.2","CCSCCSTTTTSSTTCSSCC"
"antitb_1454","KKICTRKPRFMSAWAQ","25","0","62.5","12.5","CCCCSCCSCCHHHHCC"
"antitb_1455","RQIKIWFQNRRMKWKK","37.5","0","31.2","31.2","CCCSSHHHHHHSSSCC"
"antitb_1456","RGGRLSYSRRRFSTSTGR","0","0","50","50","CCSSSCSCCCCTTSSSCC"
"antitb_1457","rggrlsysrrrfststgr","16.7","0","50","33.3","CTTTTCCCSSCCGGGCCC"
"antitb_1458","RRLSYSRRRF","0","0","90","10","CCCCCCSCCC"
"antitb_1459","rrlsysrrrf","0","0","100","0","CCCCCCCCCC"
"antitb_1460","RGGRLAYLRRRWAVLGR","29.4","0","35.3","35.3","CCSCCHHHHHTSSTTCC"
"antitb_1461","RQIKIWFQNRRMKWKK","37.5","0","31.2","31.2","CCCSSHHHHHHSSSCC"
"antitb_1462","MANLGYWLLALFVTMWTDVGLCKKRPKP","10.7","0","35.7","53.6","CCCCSSCGGGSTTTTTTTTSSSCCSCCC"
"antitb_1463","MANLGCWMLVLFVATWSDLGLCKKRPKP","32.1","0","28.6","39.3","CCSHHHHTTGGGGGTCCTTTTTCCSSCC"
"antitb_1464","MVKSKIGSWILVLFVAMWSDVGLCKKRPKP","43.3","0","20","36.7","CCTTTTTTHHHHHHHHHHHHHTTSSSCCCC"
"antitb_1465","LLGDFFRKSKEKIGKEFKRIVQRIKDFLRNLVPRTESC","94.7","0","5.3","0","CHHHHHHHHHHHHHHHHHHHHHHHHHHHHHHHHHHHHC"
"antitb_1466","RQIKIWFQNRRMKWKK","37.5","0","31.2","31.2","CCCSSHHHHHHSSSCC"
"antitb_1467","RVIRVWFQNKRCKDKK","0","0","62.5","37.5","CCCCCCSTTSCCSSCC"
"antitb_1468","GIGKFLHSAKKWGKAFVGQIMNC","56.5","0","17.4","26.1","CGGGSTHHHHTTGGGSGGGCSCC"
"antitb_1469","TRSSRAGLQWPVGRVHRLLRKGGC","37.5","0","33.3","29.2","CCCCTTTSCSCGGGGGTSHHHHCC"
"antitb_1470","YGRKKRRQRRR","72.7","0","27.3","0","CGGGGGGGGCC"
"antitb_1471","RHIKIWFQNRRMKWKK","0","0","62.5","37.5","CCCCCCTTTSCCSSCC"
"antitb_1472","RKKRRQRRR","0","0","88.9","11.1","CCCCCSCCC"
"antitb_1473","RQIKIWFQNRRMKWKK","37.5","0","31.2","31.2","CCCSSHHHHHHSSSCC"
"antitb_1474","SKRTRQTYTRYQTLELEKEFHFNRYITRRRRIDIANALSLSERQIKIWFQNRRMKSKKDR","70","0","18.3","11.7","CCSSTTCCCHHHHHHHHHHHHHCSCCCHHHHHHHHHHHTSCHHHHHHHHHHHHHHHHHHC"
"antitb_1475","EKRPRTAFSSEQLARLKREFNENRYLTTERRRQQLSSELGLNEAQIKIWFQNKRAKIKKST","67.2","0","23","9.8","CCCSCCCCCHHHHHHHHHHHHHCSCCTTSHHHHHHHHHHTCCHHHHHHHHHHHHHHHHHHC"
"antitb_1476","GRRRRRRRRRPPQ","0","0","69.2","30.8","CCCCCCCTTSSCC"
"antitb_1477","GALFLGFLGAAGSTMGAWSQPKKKRKV","14.8","7.4","37","40.7","CCCCCGGGGTSSBCCSSSSSTTCSBCC"
"antitb_1478","GALFLAFLAAALSLMGLWSQPKKKRRV","59.3","0","18.5","22.2","CHHHHHHHHHHHTIIIIISSCTTSCCC"
"antitb_1479","MLLLTRRRST","0","0","40","60","CCTTSTTSCC"
"antitb_1480","CGNKRTRGC","33.3","0","33.3","33.3","CGGGTSSCC"
"antitb_1481","TSPLNIHNGQKL","0","0","58.3","41.7","CCSSCTTCCSCC"
"antitb_1482","GLRKRLRKFRNKIKEK","75","0","18.8","6.2","CHHHHHHHHHHHHTCC"
"antitb_1483","GLLEALAELLEGLRKRLRKFRNKIKEK","51.9","0","14.8","33.3","CCHHHHHHTHHHHHHHHTTTTTTTSCC"
"antitb_1484","CVQWSLLRGYQPC","0","0","69.2","30.8","CCCSSSSCCCCCC"
"antitb_1485","VRLPPP","0","0","66.7","33.3","CCSSCC"
"antitb_1486","VRLPPPVRLPPP","0","0","83.3","16.7","CCSCCSCCCCCC"
"antitb_1487","VRLPPPVRLPPPVRLPPP","0","0","66.7","33.3","CCCCCSCCCSTTSCSCCC"
"antitb_1488","VHLPPP","0","0","66.7","33.3","CCSSCC"
"antitb_1489","VHLPPPVHLPPP","0","0","66.7","33.3","CCCCCSSSSCCC"
"antitb_1490","VHLPPPVHLPPPVHLPPP","0","0","77.8","22.2","CCCCCSCCCCTTSCCCCC"
"antitb_1491","VKLPPP","0","0","100","0","CCCCCC"
"antitb_1492","VKLPPPVKLPPP","0","0","91.7","8.3","CCCCCSCCCCCC"
"antitb_1493","VKLPPPVKLPPPVKLPPP","0","0","55.6","44.4","CCCSSSCSSCTTSCCCCC"
"antitb_1494","RQIKIWFQNRRMKWKK","37.5","0","31.2","31.2","CCCSSHHHHHHSSSCC"
"antitb_1495","RQIKIFFQNRRMKWKK","0","0","68.8","31.2","CCCCSCTTTCCCCSCC"
"antitb_1496","ASMWERVKSIIKSSLAAASNI","61.9","0","14.3","23.8","CTTHHHHHHHHHHHHHTTSCC"
"antitb_1497","ASMWERVKSIIKSSLAAASNI","61.9","0","14.3","23.8","CTTHHHHHHHHHHHHHTTSCC"
"antitb_1498","DPKGDPKGVTVTVTVTVTGKGDPKPD","0","0","46.2","53.8","CCSSSCCSSCCCCCTTTTSSCSSSCC"
"antitb_1499","CSIPPEVKFNPFVYLI","0","0","81.2","18.8","CCCCSCCCCCCSSCCC"
"antitb_1500","csippevkfnpfvyli","0","25","31.2","43.8","CBTTTBSBCTTTCCBC"
"antitb_1501","PFVYLI","0","0","83.3","16.7","CCSCCC"
"antitb_1502","NKPILVFY","0","0","87.5","12.5","CCCSCCCC"
"antitb_1503","YKQCHKKGGKKGSG","0","14.3","42.9","42.9","CCBTTBCSSSCSCC"
"antitb_1504","GSGKKGGKKHCQKY","21.4","0","42.9","35.7","CTTCSSSGGGCCCC"
"antitb_1505","GSGKKGGKKICQKY","28.6","0","28.6","42.9","CCTTCSTTTHHHHC"
"antitb_1506","YTAIAWVKAFIRKLRK","81.2","0","18.8","0","CHHHHHHHHHHHHHCC"
"antitb_1507","IAWVKAFIRKLRKGPLG","41.2","0","35.3","23.5","CCTTHHHHHHHTCCSCC"
"antitb_1508","LIRLWSHLIHIWFQNRRLKWKKK","52.2","8.7","26.1","13","CCHHHHHHHHHTCBGGGTBCSCC"
"antitb_1509","KKKKKKGGFLGFWRGENGRKTRSAYERMCILKGK","79.4","0","8.8","11.8","CHHHHHHCHHHHTTSSHHHHHHHHHHHHHHHHHC"
"antitb_1510","RLSGMNEVLSFRWL","0","0","64.3","35.7","CCCSSSCCSCCSCC"
"antitb_1511","GPFHFYQFLFPPV","0","0","61.5","38.5","CCSSSCCSSCCCC"
"antitb_1512","GSPWGLQHHPPRT","0","15.4","23.1","61.5","CBTTBSSSSSSCC"
"antitb_1513","AAVALLPAVLLALLAP","62.5","0","31.2","6.2","CCCTHHHHHHHHHHCC"
"antitb_1514","AAVALLPAVLLALLAPEILLPNNYNAYESYKYPGMFIALSK","29.3","0","29.3","41.5","CCSCCHHHHHHHHHHHHTCSTTCTTTTTTTTSSSSCCCCCC"
"antitb_1515","AAVALLPAVLLALLAPVQRKRQKLMP","46.2","7.7","30.8","15.4","CBCCCHHHHHTTCSCHHHHGGGBSCC"
"antitb_1516","WEAKLAKALAKALAKHLAKALAKALKACEA","60","0","13.3","26.7","CCTTGGGTTTHHHHHHHHHHHHHHHTTTCC"
"antitb_1517","MGLGLHLLVLAAALQGAWSQPKKKRKV","37","0","33.3","29.6","CCCSSHHHHHHHHHHSTTCCSCCCTTC"
"antitb_1518","MGLGLHLLVLAAALQGAKKKRKV","39.1","0","21.7","39.1","CCCSSHHHHHHHHHTTSTTTSCC"
"antitb_1519","WEAALAEALAEALAEHLAEALAEALEALAA","70","0","6.7","23.3","CGGGTTGGGTTTHHHHHHHTTHHHHHHHHC"
"antitb_1520","GLFEALLELLESLWELLLEA","50","0","20","30","CCSGGGTHHHHTTTGGGTCC"
"antitb_1521","GLFKALLKLLKSLWKLLLKA","75","0","10","15","CTHHHHHHHHHHHHHHHTTC"
"antitb_1522","GLFRALLRLLRSLWRLLLRA","70","0","25","5","CCHHHHHHHHHHHHHHTCCC"
"antitb_1523","CGAYDLRRRERQSRLRRRERQSR","69.6","0","13","17.4","CTTSHHHHHHHHHHHHHGGGSCC"
"antitb_1524","RKKRRRESRKKRRRESC","70.6","0","17.6","11.8","CGGGGGGGGGGGGTSCC"
"antitb_1525","CVKRGLKLRHVRPRVTRDV","0","0","63.2","36.8","CCCCSTTSCCSSCCCSCCC"
"antitb_1526","CRQIKIWFQNRRMKWKK","23.5","0","58.8","17.6","CCCCCTTHHHHTCCCCC"
"antitb_1527","YARAAARQARA","63.6","0","18.2","18.2","CHHHHHHHTTC"
"antitb_1528","PPKKSAQCLRYKKPE","26.7","0","40","33.3","CCCCSGGGGTSSSCC"
"antitb_1529","DPVDTPNPTRRKPGK","0","0","46.7","53.3","CCCCCCTTTTSSTTC"
"antitb_1530","KRVSRNKSEKKRR","38.5","0","61.5","0","CCCCCCGGGGGCC"
"antitb_1531","GRRHHCRSKAKRSRHH","18.8","0","50","31.2","CCSCSCCCGGGTSSCC"
"antitb_1532","SARHHCRSKAKRSRHH","0","0","37.5","62.5","CCCCSSTTTTTSSSCC"
"antitb_1533","SRAHHCRSKAKRSRHH","25","0","31.2","43.8","CCSSSCTHHHHTSSCC"
"antitb_1534","SRRAHCRSKAKRSRHH","0","0","50","50","CTTTTCCSSCCTTCCC"
"antitb_1535","SRRHACRSKAKRSRHH","43.8","0","31.2","25","CCSSTHHHHHHHCSCC"
"antitb_1536","SRRHHARSKAKRSRHH","25","0","31.2","43.8","CCSSSCTHHHHTTSCC"
"antitb_1537","SRRHHCRAKAKRSRHH","43.8","0","43.8","12.5","CTTCCCHHHHHHHCCC"
"antitb_1538","SRRHHCRSAAKRSRHH","25","0","31.2","43.8","CCSCSSTTHHHHSSCC"
"antitb_1539","SRRHHCRSKAARSRHH","0","0","50","50","CTTSCCCCTTCSSSCC"
"antitb_1540","SRRHHCRSKAKASRHH","0","0","50","50","CCCSCCTTTTTTCSCC"
"antitb_1541","SRRHHCRSKAKRARHH","50","0","37.5","12.5","CCSSCCHHHHHHHHCC"
"antitb_1542","SRRHHCRSKAKRSAHH","18.8","12.5","37.5","31.2","CCGGGCTTTCBTTBCC"
"antitb_1543","RRHHCRSKAKRSR","0","0","30.8","69.2","CTTTCTTTTSSCC"
"antitb_1544","GRKGKHKRKKLP","0","0","75","25","CCSSCCSCCCCC"
"antitb_1545","GKKKKKKKKK","0","0","70","30","CTTTCCCCCC"
"antitb_1546","GKRVAKRKLIEQNRERRR","38.9","0","27.8","33.3","CCCGGGHHHHTTTTTTCC"
"antitb_1547","GRKLKKKKNEKEDKRPRT","0","0","50","50","CTTSCCCCSCCSTTTTCC"
"antitb_1548","GKKTNLFSALIKKKKTA","35.3","0","35.3","29.4","CCCCSHHHHHHTTTSCC"
"antitb_1549","GRRERNKMAAAKCRNRRR","44.4","0","33.3","22.2","CCSSSCSHHHHHHHHCCC"
"antitb_1550","GKRARNTEAARRSRARKL","38.9","0","38.9","22.2","CCCCCCTTHHHHHHHTTC"
"antitb_1551","GRRRRATAKYRTAH","28.6","0","35.7","35.7","CTTSCCSHHHHSCC"
"antitb_1552","GKRRRRATAKYRSAH","26.7","0","46.7","26.7","CCSCCCSTTHHHHCC"
"antitb_1553","GRRRRKRLSHRT","0","0","75","25","CCSCCCCSSCCC"
"antitb_1554","GRRRRRERNK","0","20","40","40","CCSSCBTTBC"
"antitb_1555","GKHRHERGHHRDRRER","18.8","0","25","56.2","CTTTTCCGGGTTTTTC"
"antitb_1556","GKKKRKLSNRESAKRSR","0","11.8","52.9","35.3","CCCBTTBCCCTTTSCCC"
"antitb_1557","MIIYRDLISH","0","0","70","30","CCSCCCSSCC"
"antitb_1558","MIIYRDLIS","0","0","33.3","66.7","CCSSSTTTC"
"antitb_1559","MIIYRDLI","0","0","62.5","37.5","CCSSSCCC"
"antitb_1560","IIYRDLISH","0","0","77.8","22.2","CCCCCSSCC"
"antitb_1561","MIIYRDL","0","0","85.7","14.3","CCSCCCC"
"antitb_1562","MIIYRD","0","0","66.7","33.3","CCCTTC"
"antitb_1563","IYRDLISH","50","0","50","0","CCCHHHHC"
"antitb_1564","AIIYRDLIS","0","0","55.6","44.4","CCSSSCSCC"
"antitb_1565","MAIYRDLIS","0","0","33.3","66.7","CCSSSTTTC"
"antitb_1566","MIAYRDLIS","0","0","66.7","33.3","CCSSCCSCC"
"antitb_1567","MIIARDLIS","0","0","44.4","55.6","CCSSSCTTC"
"antitb_1568","MIIYADLIS","0","0","88.9","11.1","CCCCCCSCC"
"antitb_1569","MIIYRALIS","0","0","44.4","55.6","CCSSCSTTC"
"antitb_1570","MIIYRDAIS","0","0","66.7","33.3","CCCSCSSCC"
"antitb_1571","MIIYRDLAS","0","0","55.6","44.4","CCSSSCSCC"
"antitb_1572","MIIYRDLIA","0","0","44.4","55.6","CCSSSSSCC"
"antitb_1573","MIIYRDLISKK","36.4","0","27.3","36.4","CGGGGCTTTTC"
"antitb_1574","MIIYRDKKSH","0","0","50","50","CCSCSSSSCC"
"antitb_1575","MIIFRDLISH","0","0","60","40","CCSCCSSSCC"
"antitb_1576","MIISRDLISH","0","0","40","60","CTTTCCTTTC"
"antitb_1577","QIISRDLISH","0","0","60","40","CCCSSSSCCC"
"antitb_1578","CIISRDLISH","0","0","50","50","CTTTCCSSCC"
"antitb_1579","MIIYRALISHKK","25","0","25","50","CTTGGGTTTSCC"
"antitb_1580","MIIYRIAASHKK","0","0","50","50","CCSCCTTTTSCC"
"antitb_1581","MIIRRDLISE","0","0","60","40","CCSCTTTCCC"
"antitb_1582","MIIYRAEISH","0","0","80","20","CCCCCCTTCC"
"antitb_1583","MIIYARRAEE","0","0","50","50","CCSSSCSSCC"
"antitb_1584","MIIFRIAASHKK","0","0","50","50","CCSSCSSSSCCC"
"antitb_1585","MIIFRALISHKK","0","0","50","50","CCSCSSSSSCCC"
"antitb_1586","MIIFRAAASHKK","33.3","0","50","16.7","CCSCCHHHHSCC"
"antitb_1587","FIIFRIAASHKK","0","0","25","75","CCSTTSSTTTTC"
"antitb_1588","LIIFRIAASHKK","0","0","41.7","58.3","CCSSSSSCSSCC"
"antitb_1589","WIIFRIAASHKK","0","33.3","50","16.7","CCCCEETTEECC"
"antitb_1590","WIIFRAAASHKK","0","0","41.7","58.3","CCSTTSTTCSCC"
"antitb_1591","WIIFRALISHKK","0","16.7","58.3","25","CCCCCBTTBSCC"
"antitb_1592","MIIFRIAAYHKK","0","0","41.7","58.3","CTTTSSCCTTCC"
"antitb_1593","WIIFRIAAYHKK","0","0","41.7","58.3","CTTTSCCSSSCC"
"antitb_1594","MIIFRIAATHKK","25","0","25","50","CGGGTSTTTSCC"
"antitb_1595","WIIFRIAATHKK","0","0","50","50","CCSCTTTSSCCC"
"antitb_1596","MIIFKIAASHKK","0","16.7","58.3","25","CCCCBSSSBCCC"
"antitb_1597","WIIFKIAASHKK","0","16.7","50","33.3","CCSSCBTTBCCC"
"antitb_1598","MIIFAIAASHKK","25","0","33.3","41.7","CCCTTSSSGGGC"
"antitb_1599","LIIFRILISHKK","0","0","75","25","CCCCCCSSSCCC"
"antitb_1600","MIIFRILISHKK","0","0","58.3","41.7","CCCCTTSSSCCC"
"antitb_1601","LIIFRILISHRR","0","0","58.3","41.7","CCCCSSCCSTTC"
"antitb_1602","LIIFRILISHHH","0","0","41.7","58.3","CTTSCSSSSCCC"
"antitb_1603","LIIFRILISHK","36.4","0","36.4","27.3","CCSCTHHHHTC"
"antitb_1604","LIIFRILISHR","0","0","63.6","36.4","CCSCCCSSSCC"
"antitb_1605","LIIFRILISH","0","20","50","30","CCSCCBTTBC"
"antitb_1606","LIIFAIAASHKK","0","0","58.3","41.7","CCCSSSCSCSCC"
"antitb_1607","LIIFAILISHKK","0","0","50","50","CCCCSSTTSSCC"
"antitb_1608","RILQQLLFIHFRIGCRHSRI","40","0","20","40","CHHHHHHHHTSTTSSSSCCC"
"antitb_1609","RILQQLLFIHFRIGCRH","23.5","0","23.5","52.9","CTTTHHHHTTSSSSCCC"
"antitb_1610","RILQQLLFIHFRIGC","40","0","26.7","33.3","CGGGTGGGTSSSCCC"
"antitb_1611","RIFIHFRIGC","0","0","60","40","CCSSSSCCCC"
"antitb_1612","RIFIRIGC","0","0","62.5","37.5","CCSSSCCC"
"antitb_1613","RILQQLLFIHF","0","0","45.5","54.5","CCSTTTTSCCC"
"antitb_1614","RIFIGC","0","0","66.7","33.3","CCSSCC"
"antitb_1615","FIRIGC","0","0","50","50","CCTTTC"
"antitb_1616","DTWAGVEAIIRILQQLLFIHFR","54.5","0","13.6","31.8","CCSSSTTTTHHHHHHHHHHHHC"
"antitb_1617","IGCRH","0","0","100","0","CCCCC"
"antitb_1618","RQIKIWFQNRRMKWKK","37.5","0","31.2","31.2","CCCSSHHHHHHSSSCC"
"antitb_1619","GYGRKKRRGRRRTHRLPRRRRRR","0","17.4","52.2","30.4","CCCSCEETTEECCCCCSSSSCCC"
"antitb_1620","KRIIQRILSRNS","33.3","0","33.3","33.3","CCGGGGTTTTCC"
"antitb_1621","KRIHPRLTRSIR","0","0","75","25","CCCCCCCCTTTC"
"antitb_1622","PPRLRKRRQLNM","66.7","0","25","8.3","CHHHHHHHHSCC"
"antitb_1623","PIRRRKKLRRLK","50","0","33.3","16.7","CCTHHHHHHTCC"
"antitb_1624","RRQRRTSKLMKR","0","0","33.3","66.7","CCCTTTTTTTTC"
"antitb_1625","MHKRPTTPSRKM","0","0","66.7","33.3","CCCCCSSCCTTC"
"antitb_1626","RQRSRRRPLNIR","0","0","58.3","41.7","CCCSSSCSCSCC"
"antitb_1627","RIRMIQNLIKKT","0","0","33.3","66.7","CCTTTTTTTTCC"
"antitb_1628","SRRKRQRSNMRI","66.7","0","25","8.3","CGGGGGTGGGCC"
"antitb_1629","QRIRKSKISRTL","0","0","83.3","16.7","CCCCSSCCCCCC"
"antitb_1630","PSKRLLHNNLRR","0","0","58.3","41.7","CCSSCSCTTCCC"
"antitb_1631","HRHIRRQSLIML","0","0","58.3","41.7","CCSSCSCCSSCC"
"antitb_1632","PQNRLQIRRHSK","0","33.3","33.3","33.3","CTTCCEETTEEC"
"antitb_1633","PPHNRIQRRLNM","33.3","0","33.3","33.3","CCSHHHHTTTCC"
"antitb_1634","SMLKRNHSTSNR","0","0","16.7","83.3","CTTSTTSSTTTC"
"antitb_1635","GSRHPSLIIPRQ","33.3","0","33.3","33.3","CTHHHHTSSCCC"
"antitb_1636","SPMQKTMNLPPM","0","0","41.7","58.3","CCSSSSSCSSCC"
"antitb_1637","NKRILIRIMTRP","0","0","83.3","16.7","CCSCCSCCCCCC"
"antitb_1638","PNTRVRPDVSF","36.4","0","45.5","18.2","CHHHHTTCCCC"
"antitb_1639","LTRNYEAWVPTP","0","0","66.7","33.3","CCSCSSSCCCCC"
"antitb_1640","SAETVESCLAKSH","0","0","46.2","53.8","CTTCTTTTTCCCC"
"antitb_1641","YSHIATLPFTPT","0","0","58.3","41.7","CCSSSCCTTCCC"
"antitb_1642","SYIQRTPSTTLP","0","0","33.3","66.7","CTTTCSSSSSCC"
"antitb_1643","AVPAENALNNPF","0","0","50","50","CCSCCSSSCTTC"
"antitb_1644","SFHQFARATLAS","66.7","0","25","8.3","CHHHHHHHHTCC"
"antitb_1645","QSPTDFTFPNPL","0","0","75","25","CCCSCCSSCCCC"
"antitb_1646","HFAAWGGWSLVH","0","0","50","50","CCSCTTSSCSCC"
"antitb_1647","HIQLSPFSQSWR","0","0","75","25","CCCCCSTTCCCC"
"antitb_1648","LTMPSDLQPVLW","0","16.7","50","33.3","CBCTTSSCBCCC"
"antitb_1649","FQPYDHPAEVSY","0","0","50","50","CCSSSSSSCCCC"
"antitb_1650","FDPFFWKYSPRD","0","0","33.3","66.7","CCSSSSSSSSCC"
"antitb_1651","FAPWDTASFMLG","33.3","0","50","16.7","CCCCCTTGGGGC"
"antitb_1652","FTYKNFFWLPEL","33.3","0","33.3","33.3","CHHHHSSCSSCC"
"antitb_1653","SATGAPWKMWVR","0","0","25","75","CTTTSSSSSSCC"
"antitb_1654","SLGWMLPFSPPF","0","0","58.3","41.7","CCCCSSCSSSCC"
"antitb_1655","SHAFTWPTYLQL","0","16.7","41.7","41.7","CBSSSCSSCCBC"
"antitb_1656","SHNWLPLWPLRP","0","16.7","33.3","50","CCSSSCBTTTBC"
"antitb_1657","SWLPYPWHVPSS","0","0","58.3","41.7","CCCSSCSCCTTC"
"antitb_1658","SWWTPWHVHSES","0","0","66.7","33.3","CCCCTTCCSSCC"
"antitb_1659","SWAQHLSLPPVL","0","16.7","33.3","50","CCSSBTTBCTTC"
"antitb_1660","SSSIFPPWLSFF","0","0","58.3","41.7","CCSSCCSSSCCC"
"antitb_1661","LNVPPSWFLSQR","0","0","50","50","CCCCTTSSSSCC"
"antitb_1662","LDITPFLSLTLP","33.3","0","41.7","25","CCSSSCHHHHCC"
"antitb_1663","LPHPVLHMGPLR","0","0","58.3","41.7","CCSSSSCCCSCC"
"antitb_1664","VSKQPYYMWNGN","0","0","33.3","66.7","CTTTTSSCSSCC"
"antitb_1665","NYTTYKSHFQDR","0","0","66.7","33.3","CCCCCCSSSSCC"
"antitb_1666","AIPNNQLGFPFK","0","0","58.3","41.7","CCCCCTTSSSCC"
"antitb_1667","NIENSTLATPLS","0","0","58.3","41.7","CCSSSSCCCSCC"
"antitb_1668","YPYDANHTRSPT","0","0","66.7","33.3","CCCCSSTTCCCC"
"antitb_1669","DPATNPGPHFPR","0","0","66.7","33.3","CCSSCCCCSSCC"
"antitb_1670","TLPSPLALLTVH","25","0","33.3","41.7","CCSSTTGGGTCC"
"antitb_1671","HPGSPFPPEHRP","0","0","66.7","33.3","CCCCSSSSCCCC"
"antitb_1672","TSHTDAPPARSP","0","0","58.3","41.7","CCSSCCTTSCCC"
"antitb_1673","MTPSSLSTLPWP","0","0","33.3","66.7","CTTTSSSSSCCC"
"antitb_1674","VLGQSGYLMPMR","0","0","41.7","58.3","CCTTSSTTSCCC"
"antitb_1675","QPIIITSPYLPS","0","0","58.3","41.7","CCCCSSSCCTTC"
"antitb_1676","TPKTMTQTYDFS","0","0","58.3","41.7","CCCSSSCTTCCC"
"antitb_1677","NSGTMQSASRAT","33.3","0","25","41.7","CCTTSSSGGGGC"
"antitb_1678","QAASRVENYMHR","0","0","33.3","66.7","CCSSSCTTTTTC"
"antitb_1679","HQHKPPPLTNNW","0","0","50","50","CCSSSSSSCCCC"
"antitb_1680","SNPWDSLLSVST","33.3","0","25","41.7","CCSTTSSGGGGC"
"antitb_1681","KTIEAHPPYYAS","0","0","58.3","41.7","CCCCSSCSSSCC"
"antitb_1682","EPDNWSLDFPRR","0","0","58.3","41.7","CCCCTTSCCTTC"
"antitb_1683","HQHKPPPLTNNW","0","0","50","50","CCSSSSSSCCCC"
"antitb_1684","GLWRALWRLLRSLWRLLWKA","55","0","10","35","CTHHHHHHHHHHHTTTTTTC"
"antitb_1685","GLWRALWRALWRSLWKLKRKV","71.4","0","14.3","14.3","CHHHHTHHHHHHHTHHHHTCC"
"antitb_1686","GLWRALWRALRSLWKLKRKV","50","0","10","40","CTHHHHHHHHHHTTTTTTTC"
"antitb_1687","GLWRALWRGLRSLWKLKRKV","55","0","25","20","CCHHHHHHTHHHHHTTTCCC"
"antitb_1688","GLWRALWRGLRSLWKKKRKV","70","0","20","10","CTHHHHHHHHHHHHHHTCCC"
"antitb_1689","GLWRALWRALWRSLWKLKWKV","57.1","0","14.3","28.6","CGGGTTTHHHHIIIIISSSCC"
"antitb_1690","GLWRALWRALWRSLWKSKRKV","61.9","0","14.3","23.8","CHHHHHHTTHHHHGGGTTSCC"
"antitb_1691","GLWRALWRALWRSLWKKKRKV","66.7","0","19","14.3","CTTHHHHHHHHHHTHHHHCCC"
"antitb_1692","GLWRALWRALWRSLWKLKRKV","71.4","0","14.3","14.3","CHHHHTHHHHHHHTHHHHTCC"
"antitb_1693","GLWRALWRLLRSLWRLLWSQPKKKRKV","66.7","0","7.4","25.9","CTHHHHHHHHHHHHHHTTTSTTHHHHC"
"antitb_1694","YARAARRAARR","63.6","0","18.2","18.2","CHHHHHHHTTC"
"antitb_1695","PARAARRAARR","72.7","0","18.2","9.1","CTHHHHHHHHC"
"antitb_1696","YPRAARRAARR","45.5","0","27.3","27.3","CCTTTGGGGGC"
"antitb_1697","YRRAARRAARA","63.6","0","18.2","18.2","CHHHHHHHTTC"
"antitb_1698","YGRAARRAARR","63.6","0","27.3","9.1","CCHHHHHHHTC"
"antitb_1699","YAREARRAARR","63.6","0","18.2","18.2","CHHHHHHHTTC"
"antitb_1700","YEREARRAARR","81.8","0","18.2","0","CHHHHHHHHHC"
"antitb_1701","YKRAARRAARR","63.6","0","27.3","9.1","CHHHHHHHTCC"
"antitb_1702","YARKARRAARR","63.6","0","18.2","18.2","CHHHHHHHTTC"
"antitb_1703","YKRKARRAARR","63.6","0","27.3","9.1","CGGGHHHHSCC"
"antitb_1704","YGRRARRAARR","63.6","0","27.3","9.1","CCHHHHHHHTC"
"antitb_1705","YGRRARRRARR","63.6","0","27.3","9.1","CHHHHHHHTCC"
"antitb_1706","YGRRARRRRRR","63.6","0","27.3","9.1","CTHHHHHHHCC"
"antitb_1707","YGRRRRRRRRR","63.6","0","27.3","9.1","CGGGGGGGSCC"
"antitb_1708","YRRRRRRRRRR","36.4","0","27.3","36.4","CTTHHHHTTCC"
"antitb_1709","GKINLKALAALAKKIL","43.8","0","37.5","18.8","CCCCHHHHHHHTTTCC"
"antitb_1710","RVIRVWFQNKRCKDKK","0","0","50","50","CCSCCSSSSCCSSSCC"
"antitb_1711","GRKKRRQRRRPPQGRKKRRQRRRPPQGRKKRRQRRRPPQ","66.7","0","12.8","20.5","CHHHHTTTSCCCTHHHHHHHHHHHHHHHHHHHHHHTTTC"
"antitb_1712","GEQIAQLIAGYIDIILKKKKSK","31.8","0","27.3","40.9","CCSTTHHHHCTTTTTTCGGGCC"
"antitb_1713","GRKKRRQRRRPPQC","0","0","71.4","28.6","CCTTCCCCCCSSCC"
"antitb_1714","AAVALLPAVLLALLAPRKKRRQRRRPPQ","57.1","0","35.7","7.1","CCTTHHHHHHHHHHCCHHHHHHCCCCCC"
"antitb_1715","AAVALLPAVLLALLAPRKKRRQRRRPPQC","62.1","0","24.1","13.8","CGGGTHHHHHHHHHSCHHHHHHTTCCCCC"
"antitb_1716","AAVALLPAVLLALLAPRKKRRQRRRPPQ","57.1","0","35.7","7.1","CCTTHHHHHHHHHHCCHHHHHHCCCCCC"
"antitb_1717","RKKRRQRRRPPQCAAVALLPAVLLALLAP","44.8","0","41.4","13.8","CTTCCCCCCCSCCTHHHHHHHHHHHHHCC"
"antitb_1718","RRRQRRKRGGDIMGEWGNEIFGAIAGFLG","27.6","0","27.6","44.8","CCSSSCCSSSSCCSSSCSGGGGSHHHHTC"
"antitb_1719","RRRQRRKRGGDIMGEWGNEIFGAIAGFLG","10.3","0","24.1","65.5","CCTTTTTCCCSSSSCSSSSGGGTTTTTTC"
"antitb_1720","YGRKKRRQRRRGCYGRKKRRQRRRG","32","0","44","24","CCSGGGGTCCCCSCCHHHHTTSCCC"
"antitb_1721","GRKKRRQRRRPPQ","0","0","53.8","46.2","CCTTSCCSSCSCC"
"antitb_1722","AAVALLPAVLLALLAPRRRRRR","36.4","0","45.5","18.2","CCCCSHHHHGGGGSCCCTTCCC"
"antitb_1723","RLWRALPRVLRRLLRP","37.5","0","25","37.5","CCSSSTTHHHHHHSCC"
"antitb_1724","AAVALLPAVLLALLAPSGASGLDKRDYV","21.4","0","25","53.6","CCSCSHHHHHHTTTSSSSCCSSSSSSCC"
"antitb_1725","LLETLLKPFQCRICMRNFSTRQARRNHRRRHRR","36.4","21.2","18.2","24.2","CCSCCSSBEEETTTTEEESCHHHHHHHHHHHHC"
"antitb_1726","AAVACRICMRNFSTRQARRNHRRRHRR","51.9","0","25.9","22.2","CGGGCTTTTTCCSHHHHHHHHHHHCCC"
"antitb_1727","RQIKIWFQNRRMKWKK","37.5","0","31.2","31.2","CCCSSHHHHHHSSSCC"
"antitb_1728","RQIKIWFQNRRMKWKK","37.5","0","31.2","31.2","CCCSSHHHHHHSSSCC"
"antitb_1729","RQIKIWFQNRRMKWKKDIMGEWGNEIFGAIAGFLG","37.1","0","34.3","28.6","CCCCCCCCHHHHHHCSHHHHHHHTTTTTTTCCTTC"
"antitb_1730","SGRGKQGGKARAKAKTRSSRAGLQFPVGRVHRLLRKG","40.5","0","35.1","24.3","CCSCCCCCSSSCSSCCHHHHHTCSSCHHHHHHHHHHC"
"antitb_1731","SGRGKQGGKARAKAKTRSSRAGLQFPVGRVHRLLRKGC","42.1","0","34.2","23.7","CCSCCCCCSTTCSSCCHHHHHTCSSCHHHHHHHHHHHC"
"antitb_1732","KKDGKKRKRSRKESYSVYVYKVLKQ","32","0","44","24","CCCCHHHHCCSSSCCCCTHHHHTTC"
"antitb_1733","KGSKKAVTKAQKKDGKKRKRSRKESYSVYVYKVLKQ","0","5.6","69.4","25","CCSSCSBCCCSSCCCTTCCCCCCSCCCCBCCCCSCC"
"antitb_1734","GWTLNSAGYLLGKINLKALAALAKKIL","59.3","0","11.1","29.6","CCSHHHHTTTTTTTHHHHHHHHHHHHC"
"antitb_1735","KLALKLALKALKAALKLA","83.3","0","16.7","0","CCHHHHHHHHHHHHHHHC"
"antitb_1736","KETWWETWWTEWSQPKKKRKV","33.3","0","28.6","38.1","CCCSTTHHHHGGGCTTTTTCC"
"antitb_1737","KETWWETWWTEWSQPGRKKRRQRRRPPQ","10.7","0","39.3","50","CCCSSSTTTSTTCCCCGGGTTSCCSSCC"
"antitb_1738","RVIRWFQNKRCKDKK","26.7","0","60","13.3","CCCCHHHHCCCSSCC"
"antitb_1739","LGLLLRHLRHHSNLLANI","27.8","0","38.9","33.3","CCHHHHHTCSTTCCSSCC"
"antitb_1740","KLWSAWPSLWSSLWKP","25","0","43.8","31.2","CCSSCCCHHHHTTTCC"
"antitb_1741","GLGSLLKKAGKKLKQPKSKRKV","13.6","0","40.9","45.5","CCGGGSCSSSSSCCCCSSSSCC"
"antitb_1742","FKQqQqQqQqQq","58.3","0","16.7","25","CTTHHHHTGGGC"
"antitb_1743","YRFK","0","0","100","0","CCCC"
"antitb_1744","YRFKYRFKYRLFK","0","0","61.5","38.5","CCSSSSCCCCSCC"
"antitb_1745","WRFKKSKRKV","70","0","30","0","CGGGCHHHHC"
"antitb_1746","WRFKAAVALLPAVLLALLAP","60","0","25","15","CGGGGSCSCSHHHHHHHHCC"
"antitb_1747","WRFKWRFK","0","0","100","0","CCCCCCCC"
"antitb_1748","WRFKWRFKWRFK","0","0","66.7","33.3","CCCCCCTTSSCC"
