"id","seq","Aliphati","Aromati","Negcharg","PositCharg","Pola","hydrophobi","neutra"
"antitb_1001","AVAGEKLWLLPHLLKMLLTPTP","36.3636363","9.09090909","4.54545454","13.6363636","13.6363636","45.4545454","40.9090909"
"antitb_1025","WKWLKKWIK","22.2222222","33.3333333","0","44.4444444","44.4444444","55.5555555","0"
"antitb_1026","WKWLKKWIK","22.2222222","33.3333333","0","44.4444444","44.4444444","55.5555555","0"
"antitb_1027","ILRWKWRWWRWRR","15.3846153","38.4615384","0","46.1538461","46.1538461","53.8461538","0"
"antitb_1028","ILRWKWRWWRWRR","15.3846153","38.4615384","0","46.1538461","46.1538461","53.8461538","0"
"antitb_1029","ILPWKWRWWKWRR","15.3846153","38.4615384","0","38.4615384","38.4615384","53.8461538","7.69230769"
"antitb_1030","ILPWKWRWWKWRR","15.3846153","38.4615384","0","38.4615384","38.4615384","53.8461538","7.69230769"
"antitb_1031","RWRRKWWWW","0","55.5555555","0","44.4444444","44.4444444","55.5555555","0"
"antitb_1032","RWRRKWWWW","0","55.5555555","0","44.4444444","44.4444444","55.5555555","0"
"antitb_1033","WRKFWKYLK","11.1111111","44.4444444","0","44.4444444","44.4444444","44.4444444","11.1111111"
"antitb_1034","WRKFWKYLK","11.1111111","44.4444444","0","44.4444444","44.4444444","44.4444444","11.1111111"
"antitb_1035","KRWWKWWRR","0","44.4444444","0","55.5555555","55.5555555","44.4444444","0"
"antitb_1036","KRWWKWWRR","0","44.4444444","0","55.5555555","55.5555555","44.4444444","0"
"antitb_1037","RRWWKWWWR","0","55.5555555","0","44.4444444","44.4444444","55.5555555","0"
"antitb_1038","RRWWKWWWR","0","55.5555555","0","44.4444444","44.4444444","55.5555555","0"
"antitb_1039","KIWWWWRKR","11.1111111","44.4444444","0","44.4444444","44.4444444","55.5555555","0"
"antitb_1040","KIWWWWRKR","11.1111111","44.4444444","0","44.4444444","44.4444444","55.5555555","0"
"antitb_1041","RLWWWWRRK","11.1111111","44.4444444","0","44.4444444","44.4444444","55.5555555","0"
"antitb_1042","RLWWWWRRK","11.1111111","44.4444444","0","44.4444444","44.4444444","55.5555555","0"
"antitb_1043","KWKWWWRKI","11.1111111","44.4444444","0","44.4444444","44.4444444","55.5555555","0"
"antitb_1044","KWKWWWRKI","11.1111111","44.4444444","0","44.4444444","44.4444444","55.5555555","0"
"antitb_1045","RIRRWKFRW","11.1111111","33.3333333","0","55.5555555","55.5555555","44.4444444","0"
"antitb_1046","RIRRWKFRW","11.1111111","33.3333333","0","55.5555555","55.5555555","44.4444444","0"
"antitb_1047","RLKRWWKFL","22.2222222","33.3333333","0","44.4444444","44.4444444","55.5555555","0"
"antitb_1048","RLKRWWKFL","22.2222222","33.3333333","0","44.4444444","44.4444444","55.5555555","0"
"antitb_1049","RWWRWRKWW","0","55.5555555","0","44.4444444","44.4444444","55.5555555","0"
"antitb_1050","RWWRWRKWW","0","55.5555555","0","44.4444444","44.4444444","55.5555555","0"
"antitb_1051","KRWWWWRFR","0","55.5555555","0","44.4444444","44.4444444","55.5555555","0"
"antitb_1052","KRWWWWRFR","0","55.5555555","0","44.4444444","44.4444444","55.5555555","0"
"antitb_1053","KRWWRKWWR","0","44.4444444","0","55.5555555","55.5555555","44.4444444","0"
"antitb_1054","KRWWRKWWR","0","44.4444444","0","55.5555555","55.5555555","44.4444444","0"
"antitb_1055","RRWWRWVVW","22.2222222","44.4444444","0","33.3333333","33.3333333","66.6666666","0"
"antitb_1056","RRWWRWVVW","22.2222222","44.4444444","0","33.3333333","33.3333333","66.6666666","0"
"antitb_1057","WFKMRWWGR","0","44.4444444","0","33.3333333","33.3333333","55.5555555","11.1111111"
"antitb_1058","WFKMRWWGR","0","44.4444444","0","33.3333333","33.3333333","55.5555555","11.1111111"
"antitb_1059","KFKWWRMLI","22.2222222","33.3333333","0","33.3333333","33.3333333","66.6666666","0"
"antitb_1060","KFKWWRMLI","22.2222222","33.3333333","0","33.3333333","33.3333333","66.6666666","0"
"antitb_1061","FIKWKFRWWKWRK","7.69230769","46.1538461","0","46.1538461","46.1538461","53.8461538","0"
"antitb_1062","FIKWKFRWWKWRK","7.69230769","46.1538461","0","46.1538461","46.1538461","53.8461538","0"
"antitb_1063","RIKRWWWWR","11.1111111","44.4444444","0","44.4444444","44.4444444","55.5555555","0"
"antitb_1064","RIKRWWWWR","11.1111111","44.4444444","0","44.4444444","44.4444444","55.5555555","0"
"antitb_1065","RWRWWWRVY","11.1111111","55.5555555","0","33.3333333","33.3333333","55.5555555","11.1111111"
"antitb_1066","RWRWWWRVY","11.1111111","55.5555555","0","33.3333333","33.3333333","55.5555555","11.1111111"
"antitb_1067","HQFRFRFRVRRK","8.33333333","33.3333333","0","58.3333333","58.3333333","33.3333333","8.33333333"
"antitb_1068","HQFRFRFRVRRK","8.33333333","33.3333333","0","58.3333333","58.3333333","33.3333333","8.33333333"
"antitb_1069","LKRRWKWWI","22.2222222","33.3333333","0","44.4444444","44.4444444","55.5555555","0"
"antitb_1070","LKRRWKWWI","22.2222222","33.3333333","0","44.4444444","44.4444444","55.5555555","0"
"antitb_1071","RRRIKIRWY","22.2222222","22.2222222","0","55.5555555","55.5555555","33.3333333","11.1111111"
"antitb_1072","RRRIKIRWY","22.2222222","22.2222222","0","55.5555555","55.5555555","33.3333333","11.1111111"
"antitb_1073","RLWWKIWLK","33.3333333","33.3333333","0","33.3333333","33.3333333","66.6666666","0"
"antitb_1074","RLWWKIWLK","33.3333333","33.3333333","0","33.3333333","33.3333333","66.6666666","0"
"antitb_1075","KRRWRIWLV","33.3333333","22.2222222","0","44.4444444","44.4444444","55.5555555","0"
"antitb_1076","KRRWRIWLV","33.3333333","22.2222222","0","44.4444444","44.4444444","55.5555555","0"
"antitb_1077","FFIYVWRRR","22.2222222","44.4444444","0","33.3333333","33.3333333","55.5555555","11.1111111"
"antitb_1078","FFIYVWRRR","22.2222222","44.4444444","0","33.3333333","33.3333333","55.5555555","11.1111111"
"antitb_1079","IRMRIRVLL","55.5555555","0","0","33.3333333","33.3333333","66.6666666","0"
"antitb_1080","IRMRIRVLL","55.5555555","0","0","33.3333333","33.3333333","66.6666666","0"
"antitb_1081","RWWRKIWKW","11.1111111","44.4444444","0","44.4444444","44.4444444","55.5555555","0"
"antitb_1082","RWWRKIWKW","11.1111111","44.4444444","0","44.4444444","44.4444444","55.5555555","0"
"antitb_1083","LRFILWWKR","33.3333333","33.3333333","0","33.3333333","33.3333333","66.6666666","0"
"antitb_1084","LRFILWWKR","33.3333333","33.3333333","0","33.3333333","33.3333333","66.6666666","0"
"antitb_1085","RWWIRIRWH","22.2222222","44.4444444","0","44.4444444","33.3333333","55.5555555","11.1111111"
"antitb_1086","RWWIRIRWH","22.2222222","44.4444444","0","44.4444444","33.3333333","55.5555555","11.1111111"
"antitb_1087","RRRWWKLMM","11.1111111","22.2222222","0","44.4444444","44.4444444","55.5555555","0"
"antitb_1088","RRRWWKLMM","11.1111111","22.2222222","0","44.4444444","44.4444444","55.5555555","0"
"antitb_1089","LRRWIRIRW","33.3333333","22.2222222","0","44.4444444","44.4444444","55.5555555","0"
"antitb_1090","LRRWIRIRW","33.3333333","22.2222222","0","44.4444444","44.4444444","55.5555555","0"
"antitb_1091","RKFRWWVIR","22.2222222","33.3333333","0","44.4444444","44.4444444","55.5555555","0"
"antitb_1092","RKFRWWVIR","22.2222222","33.3333333","0","44.4444444","44.4444444","55.5555555","0"
"antitb_1093","WKIVFWWRR","22.2222222","44.4444444","0","33.3333333","33.3333333","66.6666666","0"
"antitb_1094","WKIVFWWRR","22.2222222","44.4444444","0","33.3333333","33.3333333","66.6666666","0"
"antitb_1095","RQRRVVIWW","33.3333333","22.2222222","0","33.3333333","44.4444444","55.5555555","0"
"antitb_1096","RQRRVVIWW","33.3333333","22.2222222","0","33.3333333","44.4444444","55.5555555","0"
"antitb_1097","RRWRVIVKW","33.3333333","22.2222222","0","44.4444444","44.4444444","55.5555555","0"
"antitb_1098","RRWRVIVKW","33.3333333","22.2222222","0","44.4444444","44.4444444","55.5555555","0"
"antitb_1099","RRWKIVVIRWRR","33.3333333","16.6666666","0","50","50","50","0"
"antitb_1100","RRWKIVVIRWRR","33.3333333","16.6666666","0","50","50","50","0"
"antitb_1101","RLWRIVVIRVKR","50","8.33333333","0","41.6666666","41.6666666","58.3333333","0"
"antitb_1102","RLWRIVVIRVKR","50","8.33333333","0","41.6666666","41.6666666","58.3333333","0"
"antitb_1103","RLRRIVVIRVFR","50","8.33333333","0","41.6666666","41.6666666","58.3333333","0"
"antitb_1104","RLRRIVVIRVFR","50","8.33333333","0","41.6666666","41.6666666","58.3333333","0"
"antitb_1105","VRLRIRVRVIRK","50","0","0","50","50","50","0"
"antitb_1106","VRLRIRVRVIRK","50","0","0","50","50","50","0"
"antitb_1107","RRYHWRIYI","22.2222222","44.4444444","0","44.4444444","33.3333333","33.3333333","33.3333333"
"antitb_1108","RRYHWRIYI","22.2222222","44.4444444","0","44.4444444","33.3333333","33.3333333","33.3333333"
"antitb_1109","RKWKIKWYW","11.1111111","44.4444444","0","44.4444444","44.4444444","44.4444444","11.1111111"
"antitb_1110","RKWKIKWYW","11.1111111","44.4444444","0","44.4444444","44.4444444","44.4444444","11.1111111"
"antitb_1111","YRLRVKWKW","22.2222222","33.3333333","0","44.4444444","44.4444444","44.4444444","11.1111111"
"antitb_1112","YRLRVKWKW","22.2222222","33.3333333","0","44.4444444","44.4444444","44.4444444","11.1111111"
"antitb_1113","WKWRVRVTI","33.3333333","22.2222222","0","33.3333333","33.3333333","55.5555555","11.1111111"
"antitb_1114","WKWRVRVTI","33.3333333","22.2222222","0","33.3333333","33.3333333","55.5555555","11.1111111"
"antitb_1115","RTKKWIVWI","33.3333333","22.2222222","0","33.3333333","33.3333333","55.5555555","11.1111111"
"antitb_1116","RTKKWIVWI","33.3333333","22.2222222","0","33.3333333","33.3333333","55.5555555","11.1111111"
"antitb_1117","NWRKLYRRK","11.1111111","22.2222222","0","55.5555555","66.6666666","22.2222222","11.1111111"
"antitb_1118","NWRKLYRRK","11.1111111","22.2222222","0","55.5555555","66.6666666","22.2222222","11.1111111"
"antitb_1119","YKFRWRIYI","22.2222222","44.4444444","0","33.3333333","33.3333333","44.4444444","22.2222222"
"antitb_1120","YKFRWRIYI","22.2222222","44.4444444","0","33.3333333","33.3333333","44.4444444","22.2222222"
"antitb_1121","KRKKRFKWW","0","33.3333333","0","66.6666666","66.6666666","33.3333333","0"
"antitb_1122","KRKKRFKWW","0","33.3333333","0","66.6666666","66.6666666","33.3333333","0"
"antitb_1123","RRRPRPPYLPRPRPPPFFPPRLPPRIPPGFPPRFPPRFP","7.69230769","15.3846153","0","25.6410256","25.6410256","20.5128205","53.8461538"
"antitb_1124","RRRPRPPYLPRPRPPPFFPPRLPPRIPPGFPPRFPPRFP","7.69230769","15.3846153","0","25.6410256","25.6410256","20.5128205","53.8461538"
"antitb_1125","RRRPRPPYLPRPRPPPFFPPRLPPRIPPGFPPRFPPRFP","7.69230769","15.3846153","0","25.6410256","25.6410256","20.5128205","53.8461538"
"antitb_1126","RRRPRPPYLPRPRPPPFFPPRLPPRIPPGFPPRFPPRFP","7.69230769","15.3846153","0","25.6410256","25.6410256","20.5128205","53.8461538"
"antitb_1127","RRRPRPPYLPRPRPPPFFPPRLPPRIPPGFPPRFPPRFP","7.69230769","15.3846153","0","25.6410256","25.6410256","20.5128205","53.8461538"
"antitb_1128","RRRPRPPYLPRPRPPPFFPPRLPPRIPPGFPPRFPPRFP","7.69230769","15.3846153","0","25.6410256","25.6410256","20.5128205","53.8461538"
"antitb_1129","RRRPRPPYLPRPRPPPFFPPRLPPRIPPGFPPRFPPRFP","7.69230769","15.3846153","0","25.6410256","25.6410256","20.5128205","53.8461538"
"antitb_1130","RRRPRPPYLPRPRPPPFFPPRLPPRIPPGFPPRFPPRFP","7.69230769","15.3846153","0","25.6410256","25.6410256","20.5128205","53.8461538"
"antitb_1131","RRRPRPPYLPRPRPPPFFPPRLPPRIPPGFPPRFPPRFP","7.69230769","15.3846153","0","25.6410256","25.6410256","20.5128205","53.8461538"
"antitb_1136","KILRGVCKKIMRTFLRRISKDILTGKK","29.6296296","3.70370370","3.70370370","37.0370370","40.7407407","40.7407407","18.5185185"
"antitb_1137","KILRGVCKKIMRTFLRRISKDILTGKK","29.6296296","3.70370370","3.70370370","37.0370370","40.7407407","40.7407407","18.5185185"
"antitb_1138","KILRGVCKKIMRTFLRRISKDILTGKK","29.6296296","3.70370370","3.70370370","37.0370370","40.7407407","40.7407407","18.5185185"
"antitb_1139","KILRGVCKKIMRTFLRRISKDILTGKK","29.6296296","3.70370370","3.70370370","37.0370370","40.7407407","40.7407407","18.5185185"
"antitb_1140","KEFKRIVKRIKKFLRKL","29.4117647","11.7647058","5.88235294","52.9411764","58.8235294","41.1764705","0"
"antitb_1141","KEFKRIVKRIKKFLRKL","29.4117647","11.7647058","5.88235294","52.9411764","58.8235294","41.1764705","0"
"antitb_1142","KEFKRIVKRIKKFLRKL","29.4117647","11.7647058","5.88235294","52.9411764","58.8235294","41.1764705","0"
"antitb_1143","KEFKRIVKRIKKFLRKL","29.4117647","11.7647058","5.88235294","52.9411764","58.8235294","41.1764705","0"
"antitb_1164","GRRRRSVQWCA","9.09090909","9.09090909","0","36.3636363","45.4545454","27.2727272","27.2727272"
"antitb_1165","GRRRRSVQWCA","9.09090909","9.09090909","0","36.3636363","45.4545454","27.2727272","27.2727272"
"antitb_1166","GRRRRSVQWCA","9.09090909","9.09090909","0","36.3636363","45.4545454","27.2727272","27.2727272"
"antitb_1167","GRRRRSVQWCA","9.09090909","9.09090909","0","36.3636363","45.4545454","27.2727272","27.2727272"
"antitb_1168","GRRRRSVQWCA","9.09090909","9.09090909","0","36.3636363","45.4545454","27.2727272","27.2727272"
"antitb_1169","GRRRRSVQWCA","9.09090909","9.09090909","0","36.3636363","45.4545454","27.2727272","27.2727272"
"antitb_1170","GKKKKSVQWCA","9.09090909","9.09090909","0","36.3636363","45.4545454","27.2727272","27.2727272"
"antitb_1171","FKCRRWQWRMKKLG","7.14285714","21.4285714","0","42.8571428","50","42.8571428","7.14285714"
"antitb_1172","FKCRRWQWRMKKLG","7.14285714","21.4285714","0","42.8571428","50","42.8571428","7.14285714"
"antitb_1173","FKCRRWQWRMKKLG","7.14285714","21.4285714","0","42.8571428","50","42.8571428","7.14285714"
"antitb_1174","FKCRRWQWRMKKLG","7.14285714","21.4285714","0","42.8571428","50","42.8571428","7.14285714"
"antitb_1175","FKCRRWQWRMKKLG","7.14285714","21.4285714","0","42.8571428","50","42.8571428","7.14285714"
"antitb_1176","FKCRRWQWRMKKLG","7.14285714","21.4285714","0","42.8571428","50","42.8571428","7.14285714"
"antitb_1177","FKCRRWQWRMKKLG","7.14285714","21.4285714","0","42.8571428","50","42.8571428","7.14285714"
"antitb_1178","FKCRRWQWRMKKLG","7.14285714","21.4285714","0","42.8571428","50","42.8571428","7.14285714"
"antitb_1179","FKCKKWQWKMKKLG","7.14285714","21.4285714","0","42.8571428","50","42.8571428","7.14285714"
"antitb_1180","FKCKKWQWKMKKLG","7.14285714","21.4285714","0","42.8571428","50","42.8571428","7.14285714"
"antitb_1181","FRCRRWQWRMRRLG","7.14285714","21.4285714","0","42.8571428","50","42.8571428","7.14285714"
"antitb_1182","FRCRRWQWRMRRLG","7.14285714","21.4285714","0","42.8571428","50","42.8571428","7.14285714"
"antitb_1183","AAARIRHEGVFLLIGNSCFSLPRNGPQLLLLAW","30.3030303","12.1212121","3.03030303","12.1212121","21.2121212","42.4242424","36.3636363"
"antitb_1184","AAARIRHEGVFLLIGNSCFSLPRNGPQLLLLAW","30.3030303","12.1212121","3.03030303","12.1212121","21.2121212","42.4242424","36.3636363"
"antitb_1185","FWGALAKGALKLIPSLFSSFSKKD","20.8333333","16.6666666","4.16666666","16.6666666","20.8333333","37.5","41.6666666"
"antitb_1186","FWGALAKGALKLIPSLFSSFSKKD","20.8333333","16.6666666","4.16666666","16.6666666","20.8333333","37.5","41.6666666"
"antitb_1187","FWGALAKGALKLIGSLFSSFSKKD","20.8333333","16.6666666","4.16666666","16.6666666","20.8333333","37.5","41.6666666"
"antitb_1188","FWGALAKGALKLIGSLFSSFSKKD","20.8333333","16.6666666","4.16666666","16.6666666","20.8333333","37.5","41.6666666"
"antitb_1189","FWGALAKGALKLIGPGSLFSSFSKKD","19.2307692","15.3846153","3.84615384","15.3846153","19.2307692","34.6153846","46.1538461"
"antitb_1190","FWGALAKGALKLIGPGSLFSSFSKKD","19.2307692","15.3846153","3.84615384","15.3846153","19.2307692","34.6153846","46.1538461"
"antitb_1191","FWGLKGLKKFSKKL","21.4285714","21.4285714","0","35.7142857","35.7142857","42.8571428","21.4285714"
"antitb_1192","FWGLKGLKKFSKKL","21.4285714","21.4285714","0","35.7142857","35.7142857","42.8571428","21.4285714"
"antitb_1193","FWGLKGLKGPGKFSKKL","17.6470588","17.6470588","0","29.4117647","29.4117647","35.2941176","35.2941176"
"antitb_1194","FWGLKGLKGPGKFSKKL","17.6470588","17.6470588","0","29.4117647","29.4117647","35.2941176","35.2941176"
"antitb_1219","KRWWKWIRW","11.1111111","44.4444444","0","44.4444444","44.4444444","55.5555555","0"
"antitb_1220","KRWWKWIRW","11.1111111","44.4444444","0","44.4444444","44.4444444","55.5555555","0"
"antitb_1221","PRVIETKVHGREVTGLARNVSEENVDRLAKRWIK","26.4705882","5.88235294","14.7058823","26.4705882","44.1176470","29.4117647","26.4705882"
"antitb_1228","TGMAALEQYLGSGHAVIVSI","30","10","5","5","10","35","55"
"antitb_1229","AVALGLASPADAAAGTMYGD","15","5","10","0","10","20","70"
"antitb_1230","LLKKLLKK","50","0","0","50","50","50","0"
"antitb_1231","LLKKLLKK","50","0","0","50","50","50","0"
"antitb_1232","LLKKLLKK","50","0","0","50","50","50","0"
"antitb_1233","LLKKLLKK","50","0","0","50","50","50","0"
"antitb_1234","CLLKKLLKK","44.4444444","0","0","44.4444444","44.4444444","55.5555555","0"
"antitb_1235","CLLKKLLKK","44.4444444","0","0","44.4444444","44.4444444","55.5555555","0"
"antitb_1236","CLLKKLLKK","44.4444444","0","0","44.4444444","44.4444444","55.5555555","0"
"antitb_1237","CLLKKLLKK","44.4444444","0","0","44.4444444","44.4444444","55.5555555","0"
"antitb_1238","CLLKKLLKK","44.4444444","0","0","44.4444444","44.4444444","55.5555555","0"
"antitb_1239","LLKKLLKKC","44.4444444","0","0","44.4444444","44.4444444","55.5555555","0"
"antitb_1240","CLLKKLLKKC","40","0","0","40","40","60","0"
"antitb_1241","MLLKKLLKK","44.4444444","0","0","44.4444444","44.4444444","55.5555555","0"
"antitb_1242","LLKKLLKKM","44.4444444","0","0","44.4444444","44.4444444","55.5555555","0"
"antitb_1243","LLKKLLKKM","44.4444444","0","0","44.4444444","44.4444444","55.5555555","0"
"antitb_1244","LLKKLLKKM","44.4444444","0","0","44.4444444","44.4444444","55.5555555","0"
"antitb_1245","LLKKLLKKM","44.4444444","0","0","44.4444444","44.4444444","55.5555555","0"
"antitb_1246","LLKKLLKKM","44.4444444","0","0","44.4444444","44.4444444","55.5555555","0"
"antitb_1247","MLLKKLLKKM","40","0","0","40","40","60","0"
"antitb_1248","MLLKKLLKKM","40","0","0","40","40","60","0"
"antitb_1249","MLLKKLLKKM","40","0","0","40","40","60","0"
"antitb_1250","MLLKKLLKKM","40","0","0","40","40","60","0"
"antitb_1251","MLLKKLLKKM","40","0","0","40","40","60","0"
"antitb_1252","MLLKKLLKKM","40","0","0","40","40","60","0"
"antitb_1253","MLLKKLLKKM","40","0","0","40","40","60","0"
"antitb_1254","MLLKKLLKKM","40","0","0","40","40","60","0"
"antitb_1255","MLLKKLLKKM","40","0","0","40","40","60","0"
"antitb_1260","RPPQFTRAQWFAIQHISLNPPRSTIAMRAINNYRWRSKNQNTFLR","13.3333333","15.5555555","0","20","37.7777777","26.6666666","35.5555555"
"antitb_1261","RPPQFTRAQWFAIQHISLNPPRSTIAMRAINNYRWRSKNQNTFLR","13.3333333","15.5555555","0","20","37.7777777","26.6666666","35.5555555"
"antitb_1262","KPKGMTSSQWFKIQHMQPSPQASNSAMKNINKHTKRSKDLNTFLH","8.88888888","13.3333333","2.22222222","24.4444444","37.7777777","22.2222222","40"
"antitb_1263","KPKGMTSSQWFKIQHMQPSPQASNSAMKNINKHTKRSKDLNTFLH","8.88888888","13.3333333","2.22222222","24.4444444","37.7777777","22.2222222","40"
"antitb_1264","KWKLFKKIGIGAVLKVLTTGLPALIS","38.4615384","7.69230769","0","19.2307692","19.2307692","46.1538461","34.6153846"
"antitb_1265","KWKLFKKIGIGAVLKVLTTGLPALIS","38.4615384","7.69230769","0","19.2307692","19.2307692","46.1538461","34.6153846"
"antitb_1266","SEFAYGSFVRTVSLPVGADE","20","15","15","5","20","30","50"
"antitb_1268","ELAAIRHR","25","12.5","12.5","37.5","37.5","25","37.5"
"antitb_1269","DEPDAERFEAAVEADHI","11.7647058","11.7647058","41.1764705","11.7647058","47.0588235","17.6470588","35.2941176"
"antitb_1270","RFGEPGGRE","0","11.1111111","22.2222222","22.2222222","44.4444444","11.1111111","44.4444444"
"antitb_1287","FVYGNGVTSILVQAQFLVNGQRRFFYTPDK","23.3333333","20","3.33333333","10","30","36.6666666","33.3333333"
"antitb_1288","ATYYGNGLYCNKQKHYTWVDWNKASREIGKITVNGWVQH","15.3846153","23.0769230","5.12820512","17.9487179","33.3333333","25.6410256","41.0256410"
"antitb_1289","KTYYGTNGVHCTKNSLWGKVRLKNMKYDQNTTYMGRLQDILLGWATGAFGKTH","15.0943396","16.9811320","3.77358490","18.8679245","30.1886792","26.4150943","43.3962264"
"antitb_1290","RWYYGNGVGGVGGAAVCGLAGYVGEAKENIAGEVRKGWGMAGGFTHNKACKSFPGSGWASG","11.4754098","14.7540983","4.91803278","11.4754098","19.6721311","24.5901639","55.7377049"
"antitb_1291","TTKNYGNGVCNSVNWCQCGNVWASCNLATGCAAWLCKLA","15.3846153","10.2564102","0","5.12820512","23.0769230","38.4615384","38.4615384"
"antitb_1292","TTKNYGNGVCNSVNWCQCGNVWASCNLATGCAAWLCKLA","15.3846153","10.2564102","0","5.12820512","23.0769230","38.4615384","38.4615384"
"antitb_1302","STLHLVLRLRGG","41.6666666","8.33333333","0","25","16.6666666","41.6666666","41.6666666"
"antitb_1303","STLHLVLRLRGG","41.6666666","8.33333333","0","25","16.6666666","41.6666666","41.6666666"
"antitb_1304","STLHLVLRLRGG","41.6666666","8.33333333","0","25","16.6666666","41.6666666","41.6666666"
"antitb_1305","STLHLVLRLRGG","41.6666666","8.33333333","0","25","16.6666666","41.6666666","41.6666666"
"antitb_1306","KWKSFLKTFKSAKKTVLHTALKAISS","19.2307692","15.3846153","0","30.7692307","26.9230769","30.7692307","42.3076923"
"antitb_1307","KWKSFLKTFKSAKKTVLHTLLKAISS","23.0769230","15.3846153","0","30.7692307","26.9230769","34.6153846","38.4615384"
"antitb_1308","KWKSFLKTFKSLKKTVLHTLLKAISS","26.9230769","15.3846153","0","30.7692307","26.9230769","38.4615384","34.6153846"
"antitb_1309","KWKSFLKTFKSLKKTVLHTLLKLISS","30.7692307","15.3846153","0","30.7692307","26.9230769","42.3076923","30.7692307"
"antitb_1310","KWKSFLKTFKSLKKTKLHTLLKLISS","26.9230769","15.3846153","0","34.6153846","30.7692307","38.4615384","30.7692307"
"antitb_1311","KWKSFLKTFKSAKKTVLHTALKAISS","19.2307692","15.3846153","0","30.7692307","26.9230769","30.7692307","42.3076923"
"antitb_1312","KWKSFLKTFKSAKKTVLHTLLKAISS","23.0769230","15.3846153","0","30.7692307","26.9230769","34.6153846","38.4615384"
"antitb_1313","KWKSFLKTFKSLKKTVLHTLLKAISS","26.9230769","15.3846153","0","30.7692307","26.9230769","38.4615384","34.6153846"
"antitb_1314","KWKSFLKTFKSLKKTVLHTLLKLISS","30.7692307","15.3846153","0","30.7692307","26.9230769","42.3076923","30.7692307"
"antitb_1315","KWKSFLKTFKSLKKTKLHTLLKLISS","26.9230769","15.3846153","0","34.6153846","30.7692307","38.4615384","30.7692307"
"antitb_1316","LLGDFFRKSKEKIGKEFKRIVQRIKDFLRN","23.3333333","13.3333333","13.3333333","33.3333333","53.3333333","36.6666666","10"
"antitb_1317","LLGDFFRKSKEKIGKEFKRIVQRIKDFLRN","23.3333333","13.3333333","13.3333333","33.3333333","53.3333333","36.6666666","10"
"antitb_1330","VEPIPY","33.3333333","16.6666666","16.6666666","0","16.6666666","33.3333333","50"
"antitb_1331","VQLRIRVAVIRA ","46.1538461","0","0","23.0769230","30.7692307","46.1538461","15.3846153"
"antitb_1332","VQRWLIVWRIRK ","38.4615384","15.3846153","0","30.7692307","38.4615384","53.8461538","0"
"antitb_1333","VRLIVAVRIWRR ","46.1538461","7.69230769","0","30.7692307","30.7692307","53.8461538","7.69230769"
"antitb_1344","VTCDILSVEAKGVKL ","37.5","0","12.5","12.5","25","43.75","25"
"antitb_1346","DAACAAHCLFR ","8.33333333","16.6666666","8.33333333","16.6666666","16.6666666","33.3333333","41.6666666"
"antitb_1347","NDAACAAHCLFRGRSGG ","5.55555555","11.1111111","5.55555555","16.6666666","22.2222222","22.2222222","50"
"antitb_1348","RSGGYCNGKRVCVCR ","12.5","6.25","0","25","31.25","31.25","31.25"
"antitb_1350","YCNGKRVCVCR ","16.6666666","8.33333333","0","25","33.3333333","41.6666666","16.6666666"
"antitb_1351","CNGKRVCVCR ","18.1818181","0","0","27.2727272","36.3636363","45.4545454","9.09090909"
"antitb_1352","NGKRVCVCR ","20","0","0","30","40","40","10"
"antitb_1353","KKVVFKVKFK","30","20","0","50","50","50","0"
"antitb_1356","VCDKMKILRGVCKKIMRTFLRR","27.2727272","4.54545454","4.54545454","36.3636363","40.9090909","50","9.09090909"
"antitb_1358","VSNAATRVCRTGRSRWRDVCRNFMRRYQSR","10","10","3.33333333","30","43.3333333","26.6666666","30"
"antitb_1359","TQRSVSNAATRVCRTGRSRWRDVCRNFMRRYQSRVTQG","10.5263157","7.89473684","2.63157894","26.3157894","42.1052631","23.6842105","34.2105263"
"antitb_1360","GWGSFFKKAAHVGKHVGKAALTHYL","16","28","0","28","16","28","56"
"antitb_1361","GWGSFFKKAAHVGKHVGKAALTHYL","16","28","0","28","16","28","56"
"antitb_1371","WYD","0","66.6666666","33.3333333","0","33.3333333","33.3333333","33.3333333"
"antitb_1372","WYE","0","66.6666666","33.3333333","0","33.3333333","33.3333333","33.3333333"
"antitb_1373","WPD","0","33.3333333","33.3333333","0","33.3333333","33.3333333","33.3333333"
"antitb_1374","WPE","0","33.3333333","33.3333333","0","33.3333333","33.3333333","33.3333333"
"antitb_1375","YPD","0","33.3333333","33.3333333","0","33.3333333","0","66.6666666"
"antitb_1376","YPE","0","33.3333333","33.3333333","0","33.3333333","0","66.6666666"
"antitb_1377","WYY","0","100","0","0","0","33.3333333","66.6666666"
"antitb_1378","WPY","0","66.6666666","0","0","0","33.3333333","66.6666666"
"antitb_1379","WYP","0","66.6666666","0","0","0","33.3333333","66.6666666"
"antitb_1380","WPW","0","66.6666666","0","0","0","66.6666666","33.3333333"
"antitb_1381","WYW","0","100","0","0","0","66.6666666","33.3333333"
"antitb_1382","WYS","0","66.6666666","0","0","0","33.3333333","66.6666666"
"antitb_1383","WPS","0","33.3333333","0","0","0","33.3333333","66.6666666"
"antitb_1384","WPT","0","33.3333333","0","0","0","33.3333333","66.6666666"
"antitb_1385","WYT","0","66.6666666","0","0","0","33.3333333","66.6666666"
"antitb_1386","YPS","0","33.3333333","0","0","0","0","100"
"antitb_1387","YPT","0","33.3333333","0","0","0","0","100"
"antitb_1389","LLGDFFRKSKEKIGKEFKRIVQRIKDFLRNLVPRTES ","23.6842105","10.5263157","13.1578947","28.9473684","47.3684210","34.2105263","15.7894736"
"antitb_1390","LLGDFFRKSKEKIGKEFKRIVQRIKDFLRNLVPRTES ","23.6842105","10.5263157","13.1578947","28.9473684","47.3684210","34.2105263","15.7894736"
"antitb_1391","LLGDFFRKSKEKIGKEFKRIVQRIKDFLRNLVPRTES ","23.6842105","10.5263157","13.1578947","28.9473684","47.3684210","34.2105263","15.7894736"
"antitb_1392","LLGDFFRKSKEKIGKEFKRIVQRIKDFLRNLVPRTES ","23.6842105","10.5263157","13.1578947","28.9473684","47.3684210","34.2105263","15.7894736"
"antitb_1393","RKSKEKIGKEFKRIVQR IKDFLRNLVPRTES ","21.2121212","6.06060606","12.1212121","33.3333333","51.5151515","27.2727272","15.1515151"
"antitb_1394","KEFKRIVQRIKDFLRNLV ","31.5789473","10.5263157","10.5263157","31.5789473","52.6315789","42.1052631","0"
"antitb_1395","KEFKRIVKRIKKFLRKLV ","31.5789473","10.5263157","5.26315789","47.3684210","52.6315789","42.1052631","0"
"antitb_1396","KEFKRIVKRIKKFLRKLV ","31.5789473","10.5263157","5.26315789","47.3684210","52.6315789","42.1052631","0"
"antitb_1397","KEFKRIVKRIKKFLRKLV ","31.5789473","10.5263157","5.26315789","47.3684210","52.6315789","42.1052631","0"
"antitb_1398","KEFKRIVKRIKKFLRKLV ","31.5789473","10.5263157","5.26315789","47.3684210","52.6315789","42.1052631","0"
"antitb_1399","LLGDFFRKSKEKIGKEFKRIVQRIKDFLRNLVPRTES ","23.6842105","10.5263157","13.1578947","28.9473684","47.3684210","34.2105263","15.7894736"
"antitb_1400","LLGDFFRKSKEKIGKEFKRIVQRIKDFLRNLVPRTES ","23.6842105","10.5263157","13.1578947","28.9473684","47.3684210","34.2105263","15.7894736"
"antitb_1401","KEFKRIVKRIKKFLRKLV ","31.5789473","10.5263157","5.26315789","47.3684210","52.6315789","42.1052631","0"
"antitb_1402","KEFKRIVKRIKKFLRKLV ","31.5789473","10.5263157","5.26315789","47.3684210","52.6315789","42.1052631","0"
"antitb_1403","LLGDFFRKSKEKIGKEFKRIVQRIKDFLRNLVPRTES ","23.6842105","10.5263157","13.1578947","28.9473684","47.3684210","34.2105263","15.7894736"
"antitb_1404","LLGDFFRKSKEKIGKEFKRIVQRIKDFLRNLVPRTES ","23.6842105","10.5263157","13.1578947","28.9473684","47.3684210","34.2105263","15.7894736"
"antitb_1405","KKLALLALKKWLLALKKLALLALKK","44","4","0","32","32","48","20"
"antitb_1406","KKLALLALKKWLLALKKLALLALKK","44","4","0","32","32","48","20"
"antitb_1407","KKLALLALKKWLPALKKLALLALKK","40","4","0","32","32","44","24"
"antitb_1408","KKLALALAKKWLALAKKLALALAKK","32","4","0","32","32","36","32"
"antitb_1409","KKALAHALKKWLPALKKLAHALAKK","24","12","0","40","32","28","40"
"antitb_1410","KKLALHALKKWLHALKKLAHLALKK","32","16","0","44","32","36","32"
"antitb_1411","KKLALLALKKWLLALKKLALLALKK","44","4","0","32","32","48","20"
"antitb_1412","KKLALLALKKWLPALKKLALLALKK","40","4","0","32","32","44","24"
"antitb_1413","KKLALALAKKWLALAKKLALALAKK","32","4","0","32","32","36","32"
"antitb_1414","KKLALALAKKWLPLAKKLALALAKK ","30.7692307","3.84615384","0","30.7692307","30.7692307","34.6153846","30.7692307"
"antitb_1415","KKLALHALKKWLHALKKLAHLALKK","32","16","0","44","32","36","32"
"antitb_1416","KKALAHALKKWLPALKKLAHALAKK","24","12","0","40","32","28","40"
"antitb_1417","KKLALLALKKWLLALKKLALLALKK","44","4","0","32","32","48","20"
"antitb_1418","KKLALLALKKWLPALKKLALLALKK","40","4","0","32","32","44","24"
"antitb_1419","KKLALALAKKWLALAKKLALALAKK","32","4","0","32","32","36","32"
"antitb_1420","KKLALALAKKWLPLAKKLALALAKK ","30.7692307","3.84615384","0","30.7692307","30.7692307","34.6153846","30.7692307"
"antitb_1421","KKLALHALKKWLHALKKLAHLALKK","32","16","0","44","32","36","32"
"antitb_1422","KKALAHALKKWLPALKKLAHALAKK","24","12","0","40","32","28","40"
"antitb_1423","KKLALHALKKWLHALKKLAHLALKK","32","16","0","44","32","36","32"
"antitb_1424","KKALAHALKKWLPALKKLAHALAKK","24","12","0","40","32","28","40"
"antitb_1425","KKLALALAKKWLALAKKLALALAKK","32","4","0","32","32","36","32"
"antitb_1426","KKLALALAKKWLPLAKKLALALAKK ","30.7692307","3.84615384","0","30.7692307","30.7692307","34.6153846","30.7692307"
"antitb_1427","KKLALHALKKWLHALKKLAHLALKK","32","16","0","44","32","36","32"
"antitb_1428","KKALAHALKKWLPALKKLAHALAKK","24","12","0","40","32","28","40"
"antitb_1429","KKLALALAKKWLALAKKLALALAKK","32","4","0","32","32","36","32"
"antitb_1430","KKLALALAKKWLPLAKKLALALAKK ","30.7692307","3.84615384","0","30.7692307","30.7692307","34.6153846","30.7692307"
"antitb_1431","KKLALALAKKWLPLAKKLALALAKK ","30.7692307","3.84615384","0","30.7692307","30.7692307","34.6153846","30.7692307"
"antitb_1439","IMYNYPAML ","20","20","0","0","10","40","40"
"antitb_1440","AMLGHAGDM ","10","10","10","10","10","30","50"
"antitb_1441","MLGHAGDMA ","10","10","10","10","10","30","50"
"antitb_1442","YLLDGLRAQ ","30","10","10","10","30","30","30"
"antitb_1443","KLVANNTRL ","30","0","0","20","40","30","20"
"antitb_1444","FIYAGSLSA ","20","20","0","0","0","30","60"
"antitb_1445","AMASTEGNV ","10","0","10","0","20","20","50"
"antitb_1446","LLDEGKQSL ","30","0","20","10","40","30","20"
"antitb_1447","ALADLPVTV ","40","0","10","0","10","40","40"
"antitb_1448","SIIIPTLNV ","50","0","0","0","10","50","30"
"antitb_1449","VLAGSVDEL ","40","0","20","0","20","40","30"
"antitb_1450","IMYNYPAML ","20","20","0","0","10","40","40"
"antitb_1451","WYYQSGLSI ","20","30","0","0","10","30","50"
"antitb_1452","FLTSELPQW ","20","20","10","0","20","40","30"
"antitb_1453","IYAGSLSAL ","30","10","0","0","0","30","60"
"antitb_1454","AYQGVQQKW ","10","20","0","10","40","20","30"
"antitb_1455","ELNNALQNL ","30","0","10","0","50","30","10"
"antitb_1456","KYIAADRKI ","20","10","10","30","40","20","30"
"antitb_1457","PYNLRYRVL ","30","20","0","20","30","30","30"
"antitb_1458","KYIFPGGLL ","30","20","0","10","10","40","40"
"antitb_1459","QIMYNYPAM ","10","20","0","0","20","30","40"
"antitb_1460","LVRAYHAMS ","20","20","0","20","10","30","50"
"antitb_1461","IVLVRRWPK ","40","10","0","30","30","50","10"
"antitb_1462","QIMYNYPAM ","10","20","0","0","20","30","40"
"antitb_1463","IMYNYPAML ","20","20","0","0","10","40","40"
"antitb_1464","AMEDLVRAY ","20","10","20","10","30","30","30"
"antitb_1465","AMASTEGNV ","10","0","10","0","20","20","50"
"antitb_1466","SARLAGIPY ","20","10","0","10","10","20","60"
"antitb_1467","RMWELYLAY ","20","30","10","10","20","40","30"
"antitb_1468","HAMSSTHEA ","0","20","10","20","10","10","70"
"antitb_1469","ANTMAMMAR ","0","0","0","10","20","30","40"
"antitb_1470","LPQWLSANR ","20","10","0","10","30","30","30"
"antitb_1471","WGAQLNAMK ","10","10","0","10","30","30","30"
"antitb_1472","AAPEPVARR ","10","0","10","20","30","10","50"
"antitb_1473","LVYGDVIMR ","40","10","10","10","20","50","20"
"antitb_1474","AASAAIANR ","10","0","0","10","20","10","60"
"antitb_1475","QTYKWETFL ","10","30","10","10","30","30","30"
"antitb_1476","ANNTRLWVY ","20","20","0","10","30","30","30"
"antitb_1516","RRRPRPPYLPRPRPPPFFPPRLPPRIPPGFPPRFPPRFP","7.69230769","15.3846153","0","25.6410256","25.6410256","20.5128205","53.8461538"
"antitb_1517","RRRPRPPYLPRPRPPPFFPPRLPPRIPPGFPPRFPPRFP","7.69230769","15.3846153","0","25.6410256","25.6410256","20.5128205","53.8461538"
"antitb_1518","RRRPRPPYLPRPRPPPFFPPRLPPRIPPGFPPRFPPRFP","7.69230769","15.3846153","0","25.6410256","25.6410256","20.5128205","53.8461538"
"antitb_1519","RRRPRPPYLPRPRPPPFFPPRLPPRIPPGFPPRFPPRFP","7.69230769","15.3846153","0","25.6410256","25.6410256","20.5128205","53.8461538"
"antitb_1520","RRRPRPPYLPRPRPPPFFPPRLPPRIPPGFPPRFPPRFP","7.69230769","15.3846153","0","25.6410256","25.6410256","20.5128205","53.8461538"
"antitb_1521","RRRPRPPYLPRPRPPPFFPPRLPPRIPPGFPPRFPPRFP","7.69230769","15.3846153","0","25.6410256","25.6410256","20.5128205","53.8461538"
"antitb_1522","RRRPRPPYLPRPRPPPFFPPRLPPRIPPGFPPRFPPRFP","7.69230769","15.3846153","0","25.6410256","25.6410256","20.5128205","53.8461538"
"antitb_1523","RRRPRPPYLPRPRPPPFFPPRLPPRIPPGFPPRFPPRFP","7.69230769","15.3846153","0","25.6410256","25.6410256","20.5128205","53.8461538"
"antitb_1524","NEDTVTQAASRVCDKMKILRGVCKKIMRTFLRRISKD","21.6216216","2.70270270","10.8108108","27.0270270","43.2432432","35.1351351","21.6216216"
"antitb_1525","VCEHIHLIRGLCHHLMHSYIKR","31.8181818","27.2727272","4.54545454","36.3636363","18.1818181","45.4545454","36.3636363"
"antitb_1526","VCDKMKILRGVCKKIMRSFLRR","27.2727272","4.54545454","4.54545454","36.3636363","40.9090909","50","9.09090909"
"antitb_1528","LLGDFFRKSKEKIGKEFKRIVQRIKDFLRNLVPRTES","24.3243243","10.8108108","13.5135135","29.7297297","48.6486486","35.1351351","16.2162162"
"antitb_1529","KEFKRIVKRIKKFLRKLV","33.3333333","11.1111111","5.55555555","50","55.5555555","44.4444444","0"
"antitb_1530","KWKSFLKTFKSLKKTKLHTLLKLISS","26.9230769","15.3846153","0","34.6153846","30.7692307","38.4615384","30.7692307"
"antitb_1531","KWKSFLKTFKSLKKTKLHTLLKLISS","26.9230769","15.3846153","0","34.6153846","30.7692307","38.4615384","30.7692307"
"antitb_1532","QRSVSNAATRVCRTGRSRW","10.5263157","5.26315789","0","26.3157894","36.8421052","21.0526315","42.1052631"
"antitb_1533","VCRTGRSRWRDVNRNFMRRYQSR","8.69565217","13.0434782","4.34782608","34.7826086","52.1739130","26.0869565","21.7391304"
"antitb_1534","SVFPQQTTGQLAELQPQDRAGARASWMPMFQRRRRR","8.33333333","8.33333333","5.55555555","19.4444444","41.6666666","22.2222222","36.1111111"
"antitb_1538","ESTYQGHHTPPVQKGLRYGIILFITSEVFFFAGFF","20","28.5714285","5.71428571","11.4285714","17.1428571","37.1428571","45.7142857"
"antitb_1539","GIGKFLKSKGKFGKA","13.3333333","13.3333333","0","33.3333333","33.3333333","26.6666666","40"
"antitb_1540","STLHLVLRLRGG","41.6666666","8.33333333","0","25","16.6666666","41.6666666","41.6666666"
"antitb_1541","RPPQFTRAQWFAIQHISLMPPRCTIAMRAINNYRWRCKNQNTFLR","13.3333333","15.5555555","0","20","35.5555555","33.3333333","31.1111111"
"antitb_1542","RPPQFTRAQWFAIQHISLMPPRCTIAMRAINNYRWRCKNQNTFLR","13.3333333","15.5555555","0","20","35.5555555","33.3333333","31.1111111"
"antitb_1543","RPPQFTRAQWFAIQHISLMPPRCTIAMRAINNYRWRCKNQNTFLR","13.3333333","15.5555555","0","20","35.5555555","33.3333333","31.1111111"
"antitb_1544","DTHFPICIFCCGCCHRSKCGMCCKT","8","16","4","20","16","52","32"
"antitb_1545","FKCRRWQWRMKKLG","7.14285714","21.4285714","0","42.8571428","50","42.8571428","7.14285714"
"antitb_1553","TTKNYGNGVCNSVNWCQCGNVWASCNLATGCAAWLCKLA","15.3846153","10.2564102","0","5.12820512","23.0769230","38.4615384","38.4615384"
"antitb_1554","TTKNYGNGVCNSVNWCQCGNVWASCNLATGCAAWLCKLA","15.3846153","10.2564102","0","5.12820512","23.0769230","38.4615384","38.4615384"
"antitb_1555","PRVIETKVHGREVTGLARNVSEENVDRLAKRWIK","26.4705882","5.88235294","14.7058823","26.4705882","44.1176470","29.4117647","26.4705882"
"antitb_1557","ECYRKSDIVTCEPWQKFCYREVTFFPNHPVYLSGCASECTETNSKWCCTTDKCNRARGG","8.47457627","15.2542372","11.8644067","15.2542372","32.2033898","30.5084745","37.2881355"
"antitb_1558","ECYRKSDIVTCEPWQKFCYREVTFFPNHPVYLSGCASECTETNSKWCCTTDKCNRARGG","8.47457627","15.2542372","11.8644067","15.2542372","32.2033898","30.5084745","37.2881355"
"antitb_1559","ECYRKSDIVTCEPWQKFCYREVTFFPNHPVYLSGCASECTETNSKWCCTTDKCNRARGG","8.47457627","15.2542372","11.8644067","15.2542372","32.2033898","30.5084745","37.2881355"
"antitb_1560","ECYRKSDIVTCEPWQKFCYREVTFFPNHPVYLSGCASECTETNSKWCCTTDKCNRARGG","8.47457627","15.2542372","11.8644067","15.2542372","32.2033898","30.5084745","37.2881355"
"antitb_1561","ECYRKSDIVTCEPWQKFCYREVTFFPNHPVYLSGCASECTETNSKWCCTTDKCNRARGG","8.47457627","15.2542372","11.8644067","15.2542372","32.2033898","30.5084745","37.2881355"
"antitb_1562","ECYRKSDIVTCEPWQKFCYREVTFFPNHPVYLSGCASECTETNSKWCCTTDKCNRARGG","8.47457627","15.2542372","11.8644067","15.2542372","32.2033898","30.5084745","37.2881355"
"antitb_1607","RKDVY","20","20","20","40","60","20","20"
"antitb_1608","RRRRRR","0","0","0","100","100","0","0"
"antitb_1609","RKDVYRRRRRR","9.09090909","9.09090909","9.09090909","72.7272727","81.8181818","9.09090909","9.09090909"
"antitb_1610","RRRRRRRKDVY","9.09090909","9.09090909","9.09090909","72.7272727","81.8181818","9.09090909","9.09090909"
"antitb_1611","RKDVY","20","20","20","40","60","20","20"
"antitb_1612","RRRRRR","0","0","0","100","100","0","0"
"antitb_1613","RKDVYRRRRRR","9.09090909","9.09090909","9.09090909","72.7272727","81.8181818","9.09090909","9.09090909"
"antitb_1614","RRRRRRRKDVY","9.09090909","9.09090909","9.09090909","72.7272727","81.8181818","9.09090909","9.09090909"
"antitb_1615","RRRRRRRKDVY","9.09090909","9.09090909","9.09090909","72.7272727","81.8181818","9.09090909","9.09090909"
"antitb_1616","LLKKLLKK","50","0","0","50","50","50","0"
"antitb_1617","PLLKKLLKKP","40","0","0","40","40","40","20"
"antitb_1618","CLLKKLLKKC","40","0","0","40","40","60","0"
"antitb_1619","ILLKKLLKKI","60","0","0","40","40","60","0"
"antitb_1620","MLLKKLLKKM","40","0","0","40","40","60","0"
"antitb_1621","WLLKKLLKKW","40","20","0","40","40","60","0"
"antitb_1622","LLKKLLKK","50","0","0","50","50","50","0"
"antitb_1623","PLLKKLLKKP","40","0","0","40","40","40","20"
"antitb_1624","CLLKKLLKKC","40","0","0","40","40","60","0"
"antitb_1625","ILLKKLLKKI","60","0","0","40","40","60","0"
"antitb_1626","MLLKKLLKKM","40","0","0","40","40","60","0"
"antitb_1627","WLLKKLLKKW","40","20","0","40","40","60","0"
"antitb_1628","LLGDFFRKSKEKIGKEFKRIVQRIKDFLRNLVPRTES","24.3243243","10.8108108","13.5135135","29.7297297","48.6486486","35.1351351","16.2162162"
"antitb_1629","RKSAKKIGKRAKR","7.69230769","0","0","61.5384615","61.5384615","7.69230769","30.7692307"
"antitb_1648","EFAGAGFVRAGAL","15.3846153","15.3846153","7.69230769","7.69230769","15.3846153","30.7692307","53.8461538"
"antitb_1649","SEFAYGSFVRTVSLPV","25","18.75","6.25","6.25","12.5","37.5","50"
"antitb_1650","SEFAYGSFVRTVSLPV","25","18.75","6.25","6.25","12.5","37.5","50"
"antitb_1653","WKWLKKWIK ","20","30","0","40","40","50","0"
"antitb_1723","NVTSIHSLL","44.4444444","11.1111111","0","11.1111111","11.1111111","44.4444444","44.4444444"
"antitb_1724","ELNNALQNLART","25","0","8.33333333","8.33333333","50","25","25"
"antitb_1725","SGSEAYQGVQQKWDA","6.66666666","13.3333333","13.3333333","6.66666666","40","13.3333333","46.6666666"
"antitb_1726","TATELNNAL","22.2222222","0","11.1111111","0","33.3333333","22.2222222","44.4444444"
"antitb_1727","RTISEAGQAM","10","0","10","10","30","20","50"
"antitb_1728","AYQGVQQKW","11.1111111","22.2222222","0","11.1111111","44.4444444","22.2222222","33.3333333"
"antitb_1729","SEAYQGVQQ","11.1111111","11.1111111","11.1111111","0","44.4444444","11.1111111","44.4444444"
"antitb_1730","SEAYQGVQQK","10","10","10","10","50","10","40"
"antitb_1731","KMHATNHGGGS","0","18.1818181","0","27.2727272","18.1818181","9.09090909","72.7272727"
"antitb_1732","YPHHFKHRHIPIGGGS","12.5","37.5","0","37.5","12.5","18.75","68.75"
"antitb_1733","GVENVSW","28.5714285","14.2857142","14.2857142","0","28.5714285","42.8571428","28.5714285"
"antitb_1734","KMHATNH","0","28.5714285","0","42.8571428","28.5714285","14.2857142","57.1428571"
"antitb_1735","KMHATNHGGGS","0","18.1818181","0","27.2727272","18.1818181","9.09090909","72.7272727"
"antitb_1736","YPHHFKHRHIPI","16.6666666","50","0","50","16.6666666","25","58.3333333"
